<metadata xml:lang="en"><Esri><CreaDate>20101110</CreaDate><CreaTime>12410500</CreaTime><ArcGISFormat>1.0</ArcGISFormat><SyncOnce>FALSE</SyncOnce><DataProperties><itemProps><itemName Sync="TRUE">M160TaxPar_CY24_FY25</itemName><itemLocation><linkage Sync="TRUE">file://\\TSSARCGIS-WAP11\E$\MassGIS\Parcels\data\M160_Lowell\CY24_FY25\L3_SHP_M160_Lowell\M160TaxPar_CY24_FY25.shp</linkage><protocol Sync="TRUE">Local Area Network</protocol></itemLocation><nativeExtBox><westBL Sync="TRUE">209633.325600</westBL><eastBL Sync="TRUE">218764.702500</eastBL><southBL Sync="TRUE">928451.204600</southBL><northBL Sync="TRUE">935122.984600</northBL><exTypeCode Sync="TRUE">1</exTypeCode></nativeExtBox><imsContentType Sync="TRUE">002</imsContentType><itemSize Sync="TRUE">0.000</itemSize></itemProps><coordRef><type Sync="TRUE">Projected</type><geogcsn Sync="TRUE">GCS_North_American_1983</geogcsn><projcsn Sync="TRUE">NAD_1983_StatePlane_Massachusetts_Mainland_FIPS_2001</projcsn><peXml Sync="TRUE">&lt;ProjectedCoordinateSystem xsi:type='typens:ProjectedCoordinateSystem' xmlns:xsi='http://www.w3.org/2001/XMLSchema-instance' xmlns:xs='http://www.w3.org/2001/XMLSchema' xmlns:typens='http://www.esri.com/schemas/ArcGIS/10.8'&gt;&lt;WKT&gt;PROJCS[&amp;quot;NAD_1983_StatePlane_Massachusetts_Mainland_FIPS_2001&amp;quot;,GEOGCS[&amp;quot;GCS_North_American_1983&amp;quot;,DATUM[&amp;quot;D_North_American_1983&amp;quot;,SPHEROID[&amp;quot;GRS_1980&amp;quot;,6378137.0,298.257222101]],PRIMEM[&amp;quot;Greenwich&amp;quot;,0.0],UNIT[&amp;quot;Degree&amp;quot;,0.0174532925199433]],PROJECTION[&amp;quot;Lambert_Conformal_Conic&amp;quot;],PARAMETER[&amp;quot;False_Easting&amp;quot;,200000.0],PARAMETER[&amp;quot;False_Northing&amp;quot;,750000.0],PARAMETER[&amp;quot;Central_Meridian&amp;quot;,-71.5],PARAMETER[&amp;quot;Standard_Parallel_1&amp;quot;,41.71666666666667],PARAMETER[&amp;quot;Standard_Parallel_2&amp;quot;,42.68333333333333],PARAMETER[&amp;quot;Latitude_Of_Origin&amp;quot;,41.0],UNIT[&amp;quot;Meter&amp;quot;,1.0],AUTHORITY[&amp;quot;EPSG&amp;quot;,26986]]&lt;/WKT&gt;&lt;XOrigin&gt;-36530900&lt;/XOrigin&gt;&lt;YOrigin&gt;-28803200&lt;/YOrigin&gt;&lt;XYScale&gt;122610652.81195112&lt;/XYScale&gt;&lt;ZOrigin&gt;-100000&lt;/ZOrigin&gt;&lt;ZScale&gt;10000&lt;/ZScale&gt;&lt;MOrigin&gt;-100000&lt;/MOrigin&gt;&lt;MScale&gt;10000&lt;/MScale&gt;&lt;XYTolerance&gt;0.001&lt;/XYTolerance&gt;&lt;ZTolerance&gt;0.001&lt;/ZTolerance&gt;&lt;MTolerance&gt;0.001&lt;/MTolerance&gt;&lt;HighPrecision&gt;true&lt;/HighPrecision&gt;&lt;WKID&gt;26986&lt;/WKID&gt;&lt;LatestWKID&gt;26986&lt;/LatestWKID&gt;&lt;/ProjectedCoordinateSystem&gt;</peXml><csUnits Sync="TRUE">Linear Unit: Meter (1.000000)</csUnits></coordRef><lineage><Process ToolSource="c:\program files (x86)\arcgis\desktop10.8\ArcToolbox\Toolboxes\Data Management Tools.tbx\Rename" Date="20241018" Time="120814">Rename E:\MassGIS\Parcels\data\M160_Lowell\CY24_FY25\SDE\M160_parcels_CY24_FY25_sde.gdb\M000TaxPar E:\MassGIS\Parcels\data\M160_Lowell\CY24_FY25\SDE\M160_parcels_CY24_FY25_sde.gdb\M160TaxPar FeatureClass</Process><Process ToolSource="c:\program files (x86)\arcgis\desktop10.8\ArcToolbox\Toolboxes\Conversion Tools.tbx\FeatureClassToFeatureClass" Date="20241018" Time="120826">FeatureClassToFeatureClass E:\MassGIS\Parcels\data\M160_Lowell\CY24_FY25\SDE\M160_parcels_CY24_FY25_sde.gdb\M160TaxPar E:\MassGIS\Parcels\data\M160_Lowell\CY24_FY25\L3_SHP_M160_Lowell M160TaxPar_CY24_FY25 # "SHAPE_Leng "SHAPE_Leng" false true true 8 Double 0 0 ,First,#,E:\MassGIS\Parcels\data\M160_Lowell\CY24_FY25\SDE\M160_parcels_CY24_FY25_sde.gdb\M160TaxPar,SHAPE_Length,-1,-1;SHAPE_Area "SHAPE_Area" false true true 8 Double 0 0 ,First,#,E:\MassGIS\Parcels\data\M160_Lowell\CY24_FY25\SDE\M160_parcels_CY24_FY25_sde.gdb\M160TaxPar,SHAPE_Area,-1,-1;MAP_PAR_ID "MAP_PAR_ID" true true false 26 Text 0 0 ,First,#,E:\MassGIS\Parcels\data\M160_Lowell\CY24_FY25\SDE\M160_parcels_CY24_FY25_sde.gdb\M160TaxPar,MAP_PAR_ID,-1,-1;LOC_ID "LOC_ID" true false false 18 Text 0 0 ,First,#,E:\MassGIS\Parcels\data\M160_Lowell\CY24_FY25\SDE\M160_parcels_CY24_FY25_sde.gdb\M160TaxPar,LOC_ID,-1,-1;POLY_TYPE "POLY_TYPE" true false false 15 Text 0 0 ,First,#,E:\MassGIS\Parcels\data\M160_Lowell\CY24_FY25\SDE\M160_parcels_CY24_FY25_sde.gdb\M160TaxPar,POLY_TYPE,-1,-1;MAP_NO "MAP_NO" true true false 4 Text 0 0 ,First,#,E:\MassGIS\Parcels\data\M160_Lowell\CY24_FY25\SDE\M160_parcels_CY24_FY25_sde.gdb\M160TaxPar,MAP_NO,-1,-1;SOURCE "SOURCE" true false false 15 Text 0 0 ,First,#,E:\MassGIS\Parcels\data\M160_Lowell\CY24_FY25\SDE\M160_parcels_CY24_FY25_sde.gdb\M160TaxPar,SOURCE,-1,-1;PLAN_ID "PLAN_ID" true true false 40 Text 0 0 ,First,#,E:\MassGIS\Parcels\data\M160_Lowell\CY24_FY25\SDE\M160_parcels_CY24_FY25_sde.gdb\M160TaxPar,PLAN_ID,-1,-1;LAST_EDIT "LAST_EDIT" true false false 4 Long 0 0 ,First,#,E:\MassGIS\Parcels\data\M160_Lowell\CY24_FY25\SDE\M160_parcels_CY24_FY25_sde.gdb\M160TaxPar,LAST_EDIT,-1,-1;BND_CHK "BND_CHK" true true false 2 Text 0 0 ,First,#,E:\MassGIS\Parcels\data\M160_Lowell\CY24_FY25\SDE\M160_parcels_CY24_FY25_sde.gdb\M160TaxPar,BND_CHK,-1,-1;NO_MATCH "NO_MATCH" true false false 1 Text 0 0 ,First,#,E:\MassGIS\Parcels\data\M160_Lowell\CY24_FY25\SDE\M160_parcels_CY24_FY25_sde.gdb\M160TaxPar,NO_MATCH,-1,-1;TOWN_ID "TOWN_ID" true true false 2 Short 0 0 ,First,#,E:\MassGIS\Parcels\data\M160_Lowell\CY24_FY25\SDE\M160_parcels_CY24_FY25_sde.gdb\M160TaxPar,TOWN_ID,-1,-1" #</Process></lineage></DataProperties><ArcGISProfile>ISO19139</ArcGISProfile><SyncDate>20241018</SyncDate><SyncTime>12082400</SyncTime><ModDate>20241018</ModDate><ModTime>12082400</ModTime><scaleRange><minScale>150000000</minScale><maxScale>5000</maxScale></scaleRange></Esri><mdLang><languageCode value="eng"/><countryCode value="USA" Sync="TRUE"/></mdLang><mdChar><CharSetCd value="004"/></mdChar><mdHrLv><ScopeCd value="005"/></mdHrLv><mdDateSt Sync="TRUE">20241018</mdDateSt><mdStanName>ArcGIS Metadata</mdStanName><mdStanVer>1.0</mdStanVer><distInfo><distributor><distorCont><rpOrgName>Massachusetts Office of Geographic Information, Commonwealth of Massachusetts</rpOrgName><rpCntInfo><cntPhone><voiceNum>617-619-5641</voiceNum></cntPhone><cntAddress addressType="both"><delPoint>One Ashburton Place - Rm 1601</delPoint><city>Boston</city><adminArea>MA</adminArea><postCode>02108</postCode><country>US</country><eMailAdd>neil.macgaffey@state.ma.us</eMailAdd></cntAddress><cntHours>standard business hours, M-F</cntHours></rpCntInfo><role><RoleCd value="005"/></role></distorCont><distorTran><onLineSrc><linkage>http://www.mass.gov/anf/research-and-tech/it-serv-and-support/application-serv/office-of-geographic-information-massgis/datalayers/l3parcels.html</linkage><orDesc>Click on the "Download this layer" link to access all digital parcels.</orDesc></onLineSrc></distorTran><distorTran><onLineSrc><orDesc>)M160TaxPar represents a version of digital municipal parcels for the community of Lowell that is considered ‘level 3’ compliant per the specifications outlined in the MassGIS Standard for Digital Parcel Files. Its features can be linked in a GIS or database environment to a set of standardized assessing attributes in the table M160Assess by using the unique identifying values in the LOC_ID field. This data is also intended to be used in conjunction with associated (and optional) features in the ancillary data layers M160OthLeg and M160Misc. As one of the data sets identified by Massachusetts’ Strategic Plan for Spatial Data Infrastructure (http://www.mass.gov/anf/research-and-tech/it-serv-and-support/application-serv/office-of-geographic-information-massgis/about-massgis/massgis-strategic-plan.htmll), this data enters the public domain as a valuable resource for mapping, planning, and analysis at all levels of government as well as the private sector.</orDesc></onLineSrc></distorTran></distributor><distFormat><formatName Sync="TRUE">Shapefile</formatName></distFormat><distTranOps><transSize Sync="TRUE">0.000</transSize></distTranOps></distInfo><dataIdInfo><idCitation><resTitle Sync="TRUE">M160TaxPar_CY24_FY25</resTitle><date><pubDate date="unknown" time="unknown">2024-10-01T00:00:00</pubDate></date><citRespParty><rpOrgName>CDM Smith Inc</rpOrgName><role><RoleCd value="006"/></role></citRespParty><citRespParty><rpOrgName>City of Lowell Assessing Department</rpOrgName><role><RoleCd value="006"/></role></citRespParty><presForm><PresFormCd value="005" Sync="TRUE"/></presForm></idCitation><idAbs>&lt;DIV STYLE="text-align:Left;"&gt;&lt;DIV&gt;&lt;P&gt;&lt;SPAN&gt;Digital assessor's parcel data for City of Lowell. Parcel data has been developed from existing paper and digital data. Attributes and geometry updated October 2024&lt;/SPAN&gt;&lt;/P&gt;&lt;/DIV&gt;&lt;/DIV&gt;</idAbs><idCredit>City of Lowell, MA, CDM Smith Inc., Cambridge MA</idCredit><idStatus><ProgCd value="001"/></idStatus><idPoC><rpIndName>Joe Donovan</rpIndName><rpOrgName>City of Lowell</rpOrgName><rpPosName>GIS Coordinator</rpPosName><rpCntInfo><cntPhone><voiceNum>978-674-1012</voiceNum><voiceNum tddtty="True">(OPTIONAL)</voiceNum><faxNum>(978) 970-4004</faxNum></cntPhone><cntAddress addressType="both"><delPoint>MIS/GIS Department 375 Merrimack St.</delPoint><city>Lowell</city><adminArea>MA</adminArea><postCode>01852-5998</postCode><country>US</country><eMailAdd>jdonovan@ci.lowell.ma.us</eMailAdd></cntAddress><cntHours>(OPTIONAL)</cntHours><cntInstr>(OPTIONAL)</cntInstr></rpCntInfo><role><RoleCd value="007"/></role></idPoC><resMaint><maintFreq><MaintFreqCd value="012"/></maintFreq></resMaint><placeKeys><keyword>Lowell</keyword><keyword>Massachusetts</keyword></placeKeys><themeKeys><keyword>Right Of Way</keyword><keyword>ROW</keyword><keyword>Level 3</keyword><keyword>Property</keyword><keyword>Water</keyword><keyword>Tax</keyword><keyword>Parcels</keyword><keyword>MassGIS</keyword></themeKeys><searchKeys><keyword>Right Of Way</keyword><keyword>ROW</keyword><keyword>Level 3</keyword><keyword>Lowell</keyword><keyword>Property</keyword><keyword>Water</keyword><keyword>Massachusetts</keyword><keyword>Tax</keyword><keyword>Parcels</keyword><keyword>MassGIS</keyword></searchKeys><resConst><LegConsts><useLimit>This parcel data is in the public domain and should not be redistributed for a fee beyond reproduction costs.</useLimit><othConsts>This digital parcel data layer is considered to be in the public domain and will become accessible for download and display from the MassGIS website: http://www.mass.gov/mgis</othConsts></LegConsts></resConst><resConst><Consts><useLimit>&lt;DIV STYLE="text-align:Left;"&gt;&lt;DIV&gt;&lt;P&gt;&lt;SPAN&gt;This data may be appropriate for planning purposes. It should not be utilized where legal and surveyed property boundaries are required.&lt;/SPAN&gt;&lt;/P&gt;&lt;/DIV&gt;&lt;/DIV&gt;</useLimit></Consts></resConst><spatRpType><SpatRepTypCd value="001"/></spatRpType><dataLang><languageCode value="eng"/><countryCode value="USA" Sync="TRUE"/></dataLang><envirDesc Sync="TRUE"> Version 6.2 (Build 9200) ; Esri ArcGIS 10.9.1.28388</envirDesc><dataExt><exDesc>ground condition</exDesc></dataExt><dataExt><geoEle><GeoBndBox><westBL>687782.6877</westBL><eastBL>717730.5284</eastBL><southBL>3046093.6604</southBL><northBL>3067982.6586</northBL></GeoBndBox></geoEle></dataExt><suppInfo>(OPTIONAL)</suppInfo><dataExt><geoEle><GeoBndBox esriExtentType="search"><exTypeCode Sync="TRUE">1</exTypeCode><westBL Sync="TRUE">-71.382604</westBL><eastBL Sync="TRUE">-71.271107</eastBL><northBL Sync="TRUE">42.666630</northBL><southBL Sync="TRUE">42.606403</southBL></GeoBndBox></geoEle></dataExt></dataIdInfo><dqInfo><dqScope><scpLvl><ScopeCd value="005"/></scpLvl></dqScope><report type="DQConcConsis"><measDesc>This parcel layer contains discrete, non-overlapping polygons for each property. Adjacent polygons with common ownership and a single tax record have been retained in the "OthLeg" layer that accompanies this TaxPar layer, and dissolved into single parcels in this TaxPar layer. Some non-adjacent parcels may be represented by multi-part polygons where they share common ownership and a single tax record. Public rights-of-way (ROWs) exist as polygons, not null space. Linework associated with private ROWs are retained in the "OthLeg" layer. Water polygons also representing parcel boundaries have been retained in this TaxPar layer. Additional water features that are not considered parcel boundaries may have been placed in the "Misc" layer that accompanies this TaxPar layer. Easements and other similar non-fee taxable boundaries exist in the 'OthLeg" layer, not the TaxPar layer.</measDesc></report><report type="DQQuanAttAcc"><measDesc>Match rate for "FEE"/"TAX" parcels to assessor table: 99.6 pct</measDesc></report><report type="DQAbsExtPosAcc" dimension="horizontal"><measDesc>Original data compiled or reviewed for horizontal accuracy over the MassGIS color orthos from 2008/2009; these orthos are known to be +/- 10' horizontal; however, this data set cannot be used to reach authoritative conclusions about the horizontal accuracy of the boundaries depicted. That work requires a licensed land surveyor. Any updates to this data have been compiled on more recent orthophotography, base maps, or digital plans.</measDesc></report><dataLineage><prcStep><stepDesc>Developed Lowell's parcel GIS for Level 3 parcel standards by integrating source data with standard MassGIS parcel Geodatabase design. This data was updated in 2014 based on data provided by the City of Lowell.</stepDesc></prcStep><dataSource><srcDesc>All City of Lowell Tax Maps are 1: 200' scale.</srcDesc><srcMedName><MedNameCd value="027"/></srcMedName><srcScale><rfDenom>0</rfDenom></srcScale><srcExt><exDesc>ground condition</exDesc><tempEle><TempExtent><exTemp><TM_Instant><tmPosition>2014-06-30</tmPosition></TM_Instant></exTemp></TempExtent></tempEle></srcExt></dataSource></dataLineage></dqInfo><spatRepInfo><Indref>Parcel ID, LOC_ID</Indref><VectSpatRep><geometObjs Name="M160TaxPar_CY24_FY25"><geoObjTyp><GeoObjTypCd value="002" Sync="TRUE"></GeoObjTypCd></geoObjTyp><geoObjCnt Sync="TRUE">0</geoObjCnt></geometObjs><topLvl><TopoLevCd value="001" Sync="TRUE"></TopoLevCd></topLvl></VectSpatRep></spatRepInfo><eainfo><detailed Name="M160TaxPar_CY24_FY25"><enttyp><enttypl Sync="TRUE">M160TaxPar_CY24_FY25</enttypl><enttypt Sync="TRUE">Feature Class</enttypt><enttypc Sync="TRUE">0</enttypc></enttyp><attr><attrlabl Sync="TRUE">FID</attrlabl><attalias Sync="TRUE">FID</attalias><attrtype Sync="TRUE">OID</attrtype><attwidth Sync="TRUE">4</attwidth><atprecis Sync="TRUE">0</atprecis><attscale Sync="TRUE">0</attscale><attrdef Sync="TRUE">Internal feature number.</attrdef><attrdefs Sync="TRUE">Esri</attrdefs><attrdomv><udom Sync="TRUE">Sequential unique whole numbers that are automatically generated.</udom></attrdomv></attr><attr><attrlabl>SOURCE</attrlabl><attrdef>Boundary feature source</attrdef><attrdefs>MassGIS Standard for Digital Parcel Files - v2.1</attrdefs><attrdomv><edom><edomv>OTHER</edomv><edomvd>Other source</edomvd><edomvds>Massachusetts Office of Geographic Information (MassGIS)</edomvds></edom><edom><edomv>ROAD_LAYOUT</edomv><edomvd>Road layout</edomvd><edomvds>Massachusetts Office of Geographic Information (MassGIS)</edomvds></edom><edom><edomv>ANR</edomv><edomvd>Subdivision approval not required</edomvd><edomvds>Massachusetts Office of Geographic Information (MassGIS)</edomvds></edom><edom><edomv>SUBDIV</edomv><edomvd>Subdivision Plan</edomvd><edomvds>Massachusetts Office of Geographic Information (MassGIS)</edomvds></edom><edom><edomv>ASSESS</edomv><edomvd>Assessor Map</edomvd><edomvds>Massachusetts Office of Geographic Information (MassGIS)</edomvds></edom></attrdomv><attalias Sync="TRUE">SOURCE</attalias><attrtype Sync="TRUE">String</attrtype><attwidth Sync="TRUE">15</attwidth><atprecis Sync="TRUE">0</atprecis><attscale Sync="TRUE">0</attscale></attr><attr><attrlabl Sync="TRUE">SHAPE_Leng</attrlabl><attalias Sync="TRUE">SHAPE_Leng</attalias><attrtype Sync="TRUE">Double</attrtype><attwidth Sync="TRUE">19</attwidth><atprecis Sync="TRUE">0</atprecis><attscale Sync="TRUE">0</attscale></attr><attr><attrlabl>LOC_ID</attrlabl><attrdef>Concatenation of X and Y coordinates of a point inside the polygon.</attrdef><attrdefs>MassGIS Standard for Digital Parcel Files - v2.1</attrdefs><attalias Sync="TRUE">LOC_ID</attalias><attrtype Sync="TRUE">String</attrtype><attwidth Sync="TRUE">18</attwidth><atprecis Sync="TRUE">0</atprecis><attscale Sync="TRUE">0</attscale></attr><attr><attrlabl>MAP_PAR_ID</attrlabl><attrdef>Parcel ID that appears on the assessor map.</attrdef><attrdefs>MassGIS Standard for Digital Parcel Files - v2.1</attrdefs><attalias Sync="TRUE">MAP_PAR_ID</attalias><attrtype Sync="TRUE">String</attrtype><attwidth Sync="TRUE">26</attwidth><atprecis Sync="TRUE">0</atprecis><attscale Sync="TRUE">0</attscale></attr><attr><attrlabl>TOWN_ID</attrlabl><attalias Sync="TRUE">TOWN_ID</attalias><attrtype Sync="TRUE">Integer</attrtype><attwidth Sync="TRUE">5</attwidth><atprecis Sync="TRUE">5</atprecis><attscale Sync="TRUE">0</attscale></attr><attr><attrlabl>SHAPE</attrlabl><attrdef>Feature geometry.</attrdef><attrdefs>ESRI</attrdefs><attrdomv><udom>Coordinates defining the features.</udom></attrdomv><attalias Sync="TRUE">Shape</attalias><attrtype Sync="TRUE">Geometry</attrtype><attwidth Sync="TRUE">0</attwidth><atprecis Sync="TRUE">0</atprecis><attscale Sync="TRUE">0</attscale></attr><attr><attrlabl>MAP_NO</attrlabl><attrdef>Map number of assessor's map sheet which feature appears on.</attrdef><attrdefs>MassGIS Standard for Digital Parcel Files - v2.1</attrdefs><attalias Sync="TRUE">MAP_NO</attalias><attrtype Sync="TRUE">String</attrtype><attwidth Sync="TRUE">4</attwidth><atprecis Sync="TRUE">0</atprecis><attscale Sync="TRUE">0</attscale></attr><attr><attrlabl>BND_CHK</attrlabl><attrdef>Identifies parcel boundaries with a discrepancy when compared to orthoimage base map.</attrdef><attrdefs>MassGIS Standard for Digital Parcel Files - v2.1</attrdefs><attrdomv><edom><edomv>OK</edomv><edomvd>Compilation discrepancy is acceptable. (only entered by MassGIS)</edomvd><edomvds>Massachusetts Office of Geographic Information (MassGIS)</edomvds></edom><edom><edomv>NR</edomv><edomvd>Discrepancy needs review.</edomvd><edomvds>Massachusetts Office of Geographic Information (MassGIS)</edomvds></edom><edom><edomv>CC</edomv><edomvd>Discrepancy checked by compiler and is correct.</edomvd><edomvds>Massachusetts Office of Geographic Information (MassGIS)</edomvds></edom></attrdomv><attalias Sync="TRUE">BND_CHK</attalias><attrtype Sync="TRUE">String</attrtype><attwidth Sync="TRUE">2</attwidth><atprecis Sync="TRUE">0</atprecis><attscale Sync="TRUE">0</attscale></attr><attr><attrlabl>LAST_EDIT</attrlabl><attrdef>Date this parcel polygon was last edited.</attrdef><attrdefs>MassGIS Standard for Digital Parcel Files - v2.1</attrdefs><attalias Sync="TRUE">LAST_EDIT</attalias><attrtype Sync="TRUE">Integer</attrtype><attwidth Sync="TRUE">10</attwidth><atprecis Sync="TRUE">10</atprecis><attscale Sync="TRUE">0</attscale></attr><attr><attrlabl>POLY_TYPE</attrlabl><attrdef>Identifies the kind of polygon in the tax parcel layer.</attrdef><attrdefs>MassGIS Standard for Digital Parcel Files - v2.1</attrdefs><attrdomv><edom><edomv>TAX</edomv><edomvd>Dissolved "FEE" parcels with common ownership (tax record)</edomvd><edomvds>Massachusetts Office of Geographic Information (MassGIS)</edomvds></edom><edom><edomv>WATER</edomv><edomvd>Water feature with boundary coincident with a parcel</edomvd><edomvds>Massachusetts Office of Geographic Information (MassGIS)</edomvds></edom><edom><edomv>RAIL_ROW</edomv><edomvd>Railroad Right-of-way with an associated link to assessor table</edomvd><edomvds>Massachusetts Office of Geographic Information (MassGIS)</edomvds></edom><edom><edomv>PRIV_ROW</edomv><edomvd>Private ROW that does not overlap onto other taxable parcels and is not an easement.</edomvd><edomvds>Massachusetts Office of Geographic Information (MassGIS)</edomvds></edom><edom><edomv>ROW</edomv><edomvd>Right-of-way that does not overlap tax parcel polygons.</edomvd><edomvds>Massachusetts Office of Geographic Information (MassGIS)</edomvds></edom><edom><edomv>FEE</edomv><edomvd>Standard fee-ownership property.</edomvd><edomvds>Massachusetts Office of Geographic Information (MassGIS)</edomvds></edom></attrdomv><attalias Sync="TRUE">POLY_TYPE</attalias><attrtype Sync="TRUE">String</attrtype><attwidth Sync="TRUE">15</attwidth><atprecis Sync="TRUE">0</atprecis><attscale Sync="TRUE">0</attscale></attr><attr><attrlabl>PLAN_ID</attrlabl><attrdef>Identifying information for plan used to update digital file.</attrdef><attrdefs>MassGIS Standard for Digital Parcel Files - v2.1</attrdefs><attalias Sync="TRUE">PLAN_ID</attalias><attrtype Sync="TRUE">String</attrtype><attwidth Sync="TRUE">40</attwidth><atprecis Sync="TRUE">0</atprecis><attscale Sync="TRUE">0</attscale></attr><attr><attrlabl>Shape_Area</attrlabl><attrdef>Area of feature in internal units squared.</attrdef><attrdefs>Esri</attrdefs><attrdomv><udom>Positive real numbers that are automatically generated.</udom></attrdomv><attalias Sync="TRUE">SHAPE_Area</attalias><attrtype Sync="TRUE">Double</attrtype><attwidth Sync="TRUE">19</attwidth><atprecis Sync="TRUE">0</atprecis><attscale Sync="TRUE">0</attscale></attr><attr><attrlabl>NO_MATCH</attrlabl><attrdef>Identifies parcels to be excluded from level 3 match rate calculation requirements</attrdef><attrdefs>MassGIS Standard for Digital Parcel Files - v2.1</attrdefs><attrdomv><edom><edomv>N</edomv><edomvd>Polygon not excluded from matching to assessor record</edomvd><edomvds>Massachusetts Office of Geographic Information (MassGIS)</edomvds></edom><edom><edomv>Y</edomv><edomvd>Polygon excluded from match to assessor database</edomvd><edomvds>Massachusetts Office of Geographic Information (MassGIS)</edomvds></edom></attrdomv><attalias Sync="TRUE">NO_MATCH</attalias><attrtype Sync="TRUE">String</attrtype><attwidth Sync="TRUE">1</attwidth><atprecis Sync="TRUE">0</atprecis><attscale Sync="TRUE">0</attscale></attr></detailed><overview><eaover>For a full description of the features and attributes contained in this data, please refer to the MassGIS Standard for Digital Parcel Files - v2.1. http://www.mass.gov/anf/research-and-tech/it-serv-and-support/application-serv/office-of-geographic-information-massgis/standards/standard-parcels.html</eaover></overview></eainfo><mdHrLvName Sync="TRUE">dataset</mdHrLvName><refSysInfo><RefSystem><refSysID><identCode code="26986" Sync="TRUE"/><idCodeSpace Sync="TRUE">EPSG</idCodeSpace><idVersion Sync="TRUE">2.1(3.0.1)</idVersion></refSysID></RefSystem></refSysInfo><spdoinfo><ptvctinf><esriterm Name="M160TaxPar_CY24_FY25"><efeatyp Sync="TRUE">Simple</efeatyp><efeageom code="4" Sync="TRUE"></efeageom><esritopo Sync="TRUE">FALSE</esritopo><efeacnt Sync="TRUE">0</efeacnt><spindex Sync="TRUE">FALSE</spindex><linrefer Sync="TRUE">FALSE</linrefer></esriterm></ptvctinf></spdoinfo></metadata>
