<metadata xml:lang="en"><Esri><CreaDate>20200821</CreaDate><CreaTime>14425700</CreaTime><ArcGISFormat>1.0</ArcGISFormat><ArcGISstyle>FGDC CSDGM Metadata</ArcGISstyle><SyncOnce>FALSE</SyncOnce><DataProperties><itemProps><itemName Sync="TRUE">M059TaxPar_CY25_FY25</itemName><itemLocation><linkage Sync="TRUE">file://\\TSSARCGIS-WAP11\E$\MassGIS\Parcels\data\M059_Chester\CY25_FY25\L3_SHP_M059_Chester\M059TaxPar_CY25_FY25.shp</linkage><protocol Sync="TRUE">Local Area Network</protocol></itemLocation><nativeExtBox><westBL Sync="TRUE">76071.552500</westBL><eastBL Sync="TRUE">86101.442500</eastBL><southBL Sync="TRUE">888595.244600</southBL><northBL Sync="TRUE">900283.754600</northBL><exTypeCode Sync="TRUE">1</exTypeCode></nativeExtBox><imsContentType Sync="TRUE">002</imsContentType><itemSize Sync="TRUE">0.000</itemSize></itemProps><coordRef><type Sync="TRUE">Projected</type><geogcsn Sync="TRUE">GCS_North_American_1983</geogcsn><csUnits Sync="TRUE">Linear Unit: Meter (1.000000)</csUnits><projcsn Sync="TRUE">NAD_1983_StatePlane_Massachusetts_Mainland_FIPS_2001</projcsn><peXml Sync="TRUE">&lt;ProjectedCoordinateSystem xsi:type='typens:ProjectedCoordinateSystem' xmlns:xsi='http://www.w3.org/2001/XMLSchema-instance' xmlns:xs='http://www.w3.org/2001/XMLSchema' xmlns:typens='http://www.esri.com/schemas/ArcGIS/10.8'&gt;&lt;WKT&gt;PROJCS[&amp;quot;NAD_1983_StatePlane_Massachusetts_Mainland_FIPS_2001&amp;quot;,GEOGCS[&amp;quot;GCS_North_American_1983&amp;quot;,DATUM[&amp;quot;D_North_American_1983&amp;quot;,SPHEROID[&amp;quot;GRS_1980&amp;quot;,6378137.0,298.257222101]],PRIMEM[&amp;quot;Greenwich&amp;quot;,0.0],UNIT[&amp;quot;Degree&amp;quot;,0.0174532925199433]],PROJECTION[&amp;quot;Lambert_Conformal_Conic&amp;quot;],PARAMETER[&amp;quot;False_Easting&amp;quot;,200000.0],PARAMETER[&amp;quot;False_Northing&amp;quot;,750000.0],PARAMETER[&amp;quot;Central_Meridian&amp;quot;,-71.5],PARAMETER[&amp;quot;Standard_Parallel_1&amp;quot;,41.71666666666667],PARAMETER[&amp;quot;Standard_Parallel_2&amp;quot;,42.68333333333333],PARAMETER[&amp;quot;Latitude_Of_Origin&amp;quot;,41.0],UNIT[&amp;quot;Meter&amp;quot;,1.0],AUTHORITY[&amp;quot;EPSG&amp;quot;,26986]]&lt;/WKT&gt;&lt;XOrigin&gt;-36530900&lt;/XOrigin&gt;&lt;YOrigin&gt;-28803200&lt;/YOrigin&gt;&lt;XYScale&gt;122610652.81195112&lt;/XYScale&gt;&lt;ZOrigin&gt;-100000&lt;/ZOrigin&gt;&lt;ZScale&gt;10000&lt;/ZScale&gt;&lt;MOrigin&gt;-100000&lt;/MOrigin&gt;&lt;MScale&gt;10000&lt;/MScale&gt;&lt;XYTolerance&gt;0.001&lt;/XYTolerance&gt;&lt;ZTolerance&gt;0.001&lt;/ZTolerance&gt;&lt;MTolerance&gt;0.001&lt;/MTolerance&gt;&lt;HighPrecision&gt;true&lt;/HighPrecision&gt;&lt;WKID&gt;26986&lt;/WKID&gt;&lt;LatestWKID&gt;26986&lt;/LatestWKID&gt;&lt;/ProjectedCoordinateSystem&gt;</peXml></coordRef><lineage><Process ToolSource="c:\program files (x86)\arcgis\desktop10.8\ArcToolbox\Toolboxes\Data Management Tools.tbx\Rename" Date="20250808" Time="142302">Rename E:\MassGIS\Parcels\data\M059_Chester\CY25_FY25\SDE\M059_parcels_CY25_FY25_sde.gdb\M000TaxPar E:\MassGIS\Parcels\data\M059_Chester\CY25_FY25\SDE\M059_parcels_CY25_FY25_sde.gdb\M059TaxPar FeatureClass</Process><Process ToolSource="c:\program files (x86)\arcgis\desktop10.8\ArcToolbox\Toolboxes\Conversion Tools.tbx\FeatureClassToFeatureClass" Date="20250808" Time="142308">FeatureClassToFeatureClass E:\MassGIS\Parcels\data\M059_Chester\CY25_FY25\SDE\M059_parcels_CY25_FY25_sde.gdb\M059TaxPar E:\MassGIS\Parcels\data\M059_Chester\CY25_FY25\L3_SHP_M059_Chester M059TaxPar_CY25_FY25 # "SHAPE_Leng "SHAPE_Leng" false true true 8 Double 0 0 ,First,#,E:\MassGIS\Parcels\data\M059_Chester\CY25_FY25\SDE\M059_parcels_CY25_FY25_sde.gdb\M059TaxPar,SHAPE_Length,-1,-1;SHAPE_Area "SHAPE_Area" false true true 8 Double 0 0 ,First,#,E:\MassGIS\Parcels\data\M059_Chester\CY25_FY25\SDE\M059_parcels_CY25_FY25_sde.gdb\M059TaxPar,SHAPE_Area,-1,-1;MAP_PAR_ID "MAP_PAR_ID" true true false 26 Text 0 0 ,First,#,E:\MassGIS\Parcels\data\M059_Chester\CY25_FY25\SDE\M059_parcels_CY25_FY25_sde.gdb\M059TaxPar,MAP_PAR_ID,-1,-1;LOC_ID "LOC_ID" true false false 18 Text 0 0 ,First,#,E:\MassGIS\Parcels\data\M059_Chester\CY25_FY25\SDE\M059_parcels_CY25_FY25_sde.gdb\M059TaxPar,LOC_ID,-1,-1;POLY_TYPE "POLY_TYPE" true false false 15 Text 0 0 ,First,#,E:\MassGIS\Parcels\data\M059_Chester\CY25_FY25\SDE\M059_parcels_CY25_FY25_sde.gdb\M059TaxPar,POLY_TYPE,-1,-1;MAP_NO "MAP_NO" true true false 4 Text 0 0 ,First,#,E:\MassGIS\Parcels\data\M059_Chester\CY25_FY25\SDE\M059_parcels_CY25_FY25_sde.gdb\M059TaxPar,MAP_NO,-1,-1;SOURCE "SOURCE" true false false 15 Text 0 0 ,First,#,E:\MassGIS\Parcels\data\M059_Chester\CY25_FY25\SDE\M059_parcels_CY25_FY25_sde.gdb\M059TaxPar,SOURCE,-1,-1;PLAN_ID "PLAN_ID" true true false 40 Text 0 0 ,First,#,E:\MassGIS\Parcels\data\M059_Chester\CY25_FY25\SDE\M059_parcels_CY25_FY25_sde.gdb\M059TaxPar,PLAN_ID,-1,-1;LAST_EDIT "LAST_EDIT" true false false 4 Long 0 0 ,First,#,E:\MassGIS\Parcels\data\M059_Chester\CY25_FY25\SDE\M059_parcels_CY25_FY25_sde.gdb\M059TaxPar,LAST_EDIT,-1,-1;BND_CHK "BND_CHK" true true false 2 Text 0 0 ,First,#,E:\MassGIS\Parcels\data\M059_Chester\CY25_FY25\SDE\M059_parcels_CY25_FY25_sde.gdb\M059TaxPar,BND_CHK,-1,-1;NO_MATCH "NO_MATCH" true false false 1 Text 0 0 ,First,#,E:\MassGIS\Parcels\data\M059_Chester\CY25_FY25\SDE\M059_parcels_CY25_FY25_sde.gdb\M059TaxPar,NO_MATCH,-1,-1;TOWN_ID "TOWN_ID" true true false 2 Short 0 0 ,First,#,E:\MassGIS\Parcels\data\M059_Chester\CY25_FY25\SDE\M059_parcels_CY25_FY25_sde.gdb\M059TaxPar,TOWN_ID,-1,-1" #</Process></lineage></DataProperties><SyncDate>20250808</SyncDate><SyncTime>14230800</SyncTime><ModDate>20250808</ModDate><ModTime>14230800</ModTime><scaleRange><minScale>150000000</minScale><maxScale>5000</maxScale></scaleRange><ArcGISProfile>FGDC</ArcGISProfile></Esri><eainfo><detailed Name="M059TaxPar_CY25_FY25"><enttyp><enttypl Sync="TRUE">M059TaxPar_CY25_FY25</enttypl><enttypt Sync="TRUE">Feature Class</enttypt><enttypc Sync="TRUE">0</enttypc></enttyp><attr><attrlabl Sync="TRUE">FID</attrlabl><attalias Sync="TRUE">FID</attalias><attrtype Sync="TRUE">OID</attrtype><attwidth Sync="TRUE">4</attwidth><atprecis Sync="TRUE">0</atprecis><attscale Sync="TRUE">0</attscale><attrdef Sync="TRUE">Internal feature number.</attrdef><attrdefs Sync="TRUE">Esri</attrdefs><attrdomv><udom Sync="TRUE">Sequential unique whole numbers that are automatically generated.</udom></attrdomv></attr><attr><attrlabl Sync="TRUE">Shape</attrlabl><attalias Sync="TRUE">Shape</attalias><attrtype Sync="TRUE">Geometry</attrtype><attwidth Sync="TRUE">0</attwidth><atprecis Sync="TRUE">0</atprecis><attscale Sync="TRUE">0</attscale><attrdef Sync="TRUE">Feature geometry.</attrdef><attrdefs Sync="TRUE">Esri</attrdefs><attrdomv><udom Sync="TRUE">Coordinates defining the features.</udom></attrdomv></attr><attr><attrlabl Sync="TRUE">SHAPE_Leng</attrlabl><attalias Sync="TRUE">SHAPE_Leng</attalias><attrtype Sync="TRUE">Double</attrtype><attwidth Sync="TRUE">19</attwidth><atprecis Sync="TRUE">0</atprecis><attscale Sync="TRUE">0</attscale></attr><attr><attrlabl Sync="TRUE">MAP_PAR_ID</attrlabl><attalias Sync="TRUE">MAP_PAR_ID</attalias><attrtype Sync="TRUE">String</attrtype><attwidth Sync="TRUE">26</attwidth><atprecis Sync="TRUE">0</atprecis><attscale Sync="TRUE">0</attscale></attr><attr><attrlabl Sync="TRUE">LOC_ID</attrlabl><attalias Sync="TRUE">LOC_ID</attalias><attrtype Sync="TRUE">String</attrtype><attwidth Sync="TRUE">18</attwidth><atprecis Sync="TRUE">0</atprecis><attscale Sync="TRUE">0</attscale></attr><attr><attrlabl Sync="TRUE">MAP_NO</attrlabl><attalias Sync="TRUE">MAP_NO</attalias><attrtype Sync="TRUE">String</attrtype><attwidth Sync="TRUE">4</attwidth><atprecis Sync="TRUE">0</atprecis><attscale Sync="TRUE">0</attscale></attr><attr><attrlabl Sync="TRUE">POLY_TYPE</attrlabl><attalias Sync="TRUE">POLY_TYPE</attalias><attrtype Sync="TRUE">String</attrtype><attwidth Sync="TRUE">15</attwidth><atprecis Sync="TRUE">0</atprecis><attscale Sync="TRUE">0</attscale></attr><attr><attrlabl Sync="TRUE">SOURCE</attrlabl><attalias Sync="TRUE">SOURCE</attalias><attrtype Sync="TRUE">String</attrtype><attwidth Sync="TRUE">15</attwidth><atprecis Sync="TRUE">0</atprecis><attscale Sync="TRUE">0</attscale></attr><attr><attrlabl Sync="TRUE">PLAN_ID</attrlabl><attalias Sync="TRUE">PLAN_ID</attalias><attrtype Sync="TRUE">String</attrtype><attwidth Sync="TRUE">40</attwidth><atprecis Sync="TRUE">0</atprecis><attscale Sync="TRUE">0</attscale></attr><attr><attrlabl Sync="TRUE">LAST_EDIT</attrlabl><attalias Sync="TRUE">LAST_EDIT</attalias><attrtype Sync="TRUE">Integer</attrtype><attwidth Sync="TRUE">10</attwidth><atprecis Sync="TRUE">10</atprecis><attscale Sync="TRUE">0</attscale></attr><attr><attrlabl Sync="TRUE">BND_CHK</attrlabl><attalias Sync="TRUE">BND_CHK</attalias><attrtype Sync="TRUE">String</attrtype><attwidth Sync="TRUE">2</attwidth><atprecis Sync="TRUE">0</atprecis><attscale Sync="TRUE">0</attscale></attr><attr><attrlabl Sync="TRUE">NO_MATCH</attrlabl><attalias Sync="TRUE">NO_MATCH</attalias><attrtype Sync="TRUE">String</attrtype><attwidth Sync="TRUE">1</attwidth><atprecis Sync="TRUE">0</atprecis><attscale Sync="TRUE">0</attscale></attr><attr><attrlabl Sync="TRUE">TOWN_ID</attrlabl><attalias Sync="TRUE">TOWN_ID</attalias><attrtype Sync="TRUE">Integer</attrtype><attwidth Sync="TRUE">5</attwidth><atprecis Sync="TRUE">5</atprecis><attscale Sync="TRUE">0</attscale></attr><attr><attrlabl Sync="TRUE">Shape_Area</attrlabl><attalias Sync="TRUE">SHAPE_Area</attalias><attrtype Sync="TRUE">Double</attrtype><attwidth Sync="TRUE">19</attwidth><atprecis Sync="TRUE">0</atprecis><attscale Sync="TRUE">0</attscale><attrdef Sync="TRUE">Area of feature in internal units squared.</attrdef><attrdefs Sync="TRUE">Esri</attrdefs><attrdomv><udom Sync="TRUE">Positive real numbers that are automatically generated.</udom></attrdomv></attr></detailed></eainfo><mdLang><languageCode value="eng"/><countryCode value="USA" Sync="TRUE"/></mdLang><mdChar><CharSetCd value="004"/></mdChar><mdHrLv><ScopeCd value="005"/></mdHrLv><mdStanName>ArcGIS Metadata</mdStanName><mdStanVer>1.0</mdStanVer><dataIdInfo><envirDesc Sync="TRUE"> Version 6.2 (Build 9200) ; Esri ArcGIS 10.9.1.28388</envirDesc><dataLang><languageCode value="eng" Sync="TRUE"/><countryCode value="USA" Sync="TRUE"/></dataLang><idCitation><resTitle Sync="FALSE">M059TaxPar</resTitle><presForm><PresFormCd value="005" Sync="TRUE"/></presForm><date><createDate>2023-10-04T00:00:00</createDate><pubDate>2023-10-04T00:00:00</pubDate><reviseDate>2025-08-06T00:00:00</reviseDate></date><citRespParty><rpIndName>Tim Fountain</rpIndName><rpOrgName>CAI</rpOrgName><rpPosName>Vice President</rpPosName><role><RoleCd value="006"/></role></citRespParty></idCitation><spatRpType><SpatRepTypCd value="001" Sync="TRUE"/></spatRpType><dataExt><geoEle><GeoBndBox esriExtentType="search"><exTypeCode Sync="TRUE">1</exTypeCode><westBL Sync="TRUE">-73.004039</westBL><eastBL Sync="TRUE">-72.880040</eastBL><northBL Sync="TRUE">42.344742</northBL><southBL Sync="TRUE">42.238000</southBL></GeoBndBox></geoEle><exDesc>FY 2023 Ground Condition</exDesc><tempEle><TempExtent><exTemp><TM_Period><tmBegin>2022-01-01T00:00:00</tmBegin><tmEnd>2022-12-31T00:00:00</tmEnd></TM_Period></exTemp></TempExtent></tempEle></dataExt><idPurp>The purpose of this dataset is to provide the Massachuesetts Office of Geographic Information with a polygon representation of the parcels for the Town of Chester, Massachuesetts that comply with its Level III standards.</idPurp><idAbs>&lt;DIV STYLE="text-align:Left;"&gt;&lt;DIV&gt;&lt;DIV&gt;&lt;P&gt;&lt;SPAN&gt;This dataset is a polygon representation of the parcels for the Town of Chester, Massachusetts. Edits to a base parcel file were made to the spatial and tabular data in order to bring the file in compliance with November 2010 MassGIS Level III Standards for Digital Parcel Files. These edits included ensuring that the parcel fabric was continuous and closed with no gaps or overlaps. Additionally, parcels were snapped to the legislatively approved MassGIS TOWNSSURVEY_ARC town boundary datalayer and compared against the 2008 30 cm MassGIS Ortho Imagery. Polygons were assigned a LOC_ID that links to the M131Assessor table and other fields were populated where they were known and applicable. Annual parcel updates completed October 2023. Geometry and attribute data updated on 8/2025&lt;/SPAN&gt;&lt;/P&gt;&lt;/DIV&gt;&lt;/DIV&gt;&lt;/DIV&gt;</idAbs><idCredit>Parcel mapping data maintained by CAI Technologies</idCredit><searchKeys><keyword>Parcels</keyword></searchKeys><resConst><Consts><useLimit>&lt;DIV STYLE="text-align:Left;"&gt;&lt;DIV&gt;&lt;DIV&gt;&lt;P&gt;&lt;SPAN&gt;This data may be appropriate for planning purposes. It should not be utilized where legal and surveyed property boundaries are required.&lt;/SPAN&gt;&lt;/P&gt;&lt;/DIV&gt;&lt;/DIV&gt;&lt;/DIV&gt;</useLimit></Consts></resConst><dataChar><CharSetCd value="004"/></dataChar><idStatus><ProgCd value="001"/></idStatus><resMaint><maintFreq><MaintFreqCd value="008"/></maintFreq></resMaint></dataIdInfo><distInfo><distFormat><formatName Sync="TRUE">Shapefile</formatName></distFormat><distTranOps><transSize Sync="TRUE">0.000</transSize></distTranOps></distInfo><mdHrLvName Sync="TRUE">dataset</mdHrLvName><refSysInfo><RefSystem><refSysID><identCode code="26986" Sync="TRUE"/><idCodeSpace Sync="TRUE">EPSG</idCodeSpace><idVersion Sync="TRUE">2.1(3.0.1)</idVersion></refSysID></RefSystem></refSysInfo><spatRepInfo><VectSpatRep><geometObjs Name="M059TaxPar_CY25_FY25"><geoObjTyp><GeoObjTypCd value="002" Sync="TRUE"></GeoObjTypCd></geoObjTyp><geoObjCnt Sync="TRUE">0</geoObjCnt></geometObjs><topLvl><TopoLevCd value="001" Sync="TRUE"></TopoLevCd></topLvl></VectSpatRep></spatRepInfo><spdoinfo><ptvctinf><esriterm Name="M059TaxPar_CY25_FY25"><efeatyp Sync="TRUE">Simple</efeatyp><efeageom code="4" Sync="TRUE"></efeageom><esritopo Sync="TRUE">FALSE</esritopo><efeacnt Sync="TRUE">0</efeacnt><spindex Sync="TRUE">FALSE</spindex><linrefer Sync="TRUE">FALSE</linrefer></esriterm></ptvctinf></spdoinfo><mdDateSt Sync="TRUE">20250808</mdDateSt><mdMaint><maintFreq><MaintFreqCd value="008"/></maintFreq></mdMaint><mdContact><rpIndName>Tim Fountain</rpIndName><rpOrgName>CAI</rpOrgName><rpPosName>Vice President</rpPosName><role><RoleCd value="007"/></role><displayName>Tim Fountain</displayName><rpCntInfo><cntAddress addressType="both"><delPoint>11 Pleasant Street</delPoint><city>Littleton</city><adminArea>Nlew Hampshire</adminArea><postCode>03561</postCode><eMailAdd>tfountain@cai-tech.com</eMailAdd><country>US</country></cntAddress><cntPhone><voiceNum tddtty="">6033224540</voiceNum></cntPhone></rpCntInfo></mdContact></metadata>
