<metadata xml:lang="en"><Esri><CreaDate>20241118</CreaDate><CreaTime>10430700</CreaTime><ArcGISFormat>1.0</ArcGISFormat><SyncOnce>FALSE</SyncOnce><DataProperties><itemProps><itemName Sync="TRUE">M205TaxPar_CY25_FY25</itemName><itemLocation><linkage Sync="TRUE">file://\\TSSARCGIS-WAP11\E$\MassGIS\Parcels\data\M205_Newbury\CY25_FY25\L3_SHP_M205_Newbury\M205TaxPar_CY25_FY25.shp</linkage><protocol Sync="TRUE">Local Area Network</protocol></itemLocation><nativeExtBox><westBL Sync="TRUE">243616.124900</westBL><eastBL Sync="TRUE">257726.368700</eastBL><southBL Sync="TRUE">942904.812400</southBL><northBL Sync="TRUE">951462.071600</northBL><exTypeCode Sync="TRUE">1</exTypeCode></nativeExtBox><imsContentType Sync="TRUE" export="False">002</imsContentType><itemSize Sync="TRUE">0.000</itemSize></itemProps><coordRef><type Sync="TRUE">Projected</type><geogcsn Sync="TRUE">GCS_North_American_1983</geogcsn><projcsn Sync="TRUE">NAD_1983_StatePlane_Massachusetts_Mainland_FIPS_2001</projcsn><peXml Sync="TRUE">&lt;ProjectedCoordinateSystem xsi:type='typens:ProjectedCoordinateSystem' xmlns:xsi='http://www.w3.org/2001/XMLSchema-instance' xmlns:xs='http://www.w3.org/2001/XMLSchema' xmlns:typens='http://www.esri.com/schemas/ArcGIS/10.8'&gt;&lt;WKT&gt;PROJCS[&amp;quot;NAD_1983_StatePlane_Massachusetts_Mainland_FIPS_2001&amp;quot;,GEOGCS[&amp;quot;GCS_North_American_1983&amp;quot;,DATUM[&amp;quot;D_North_American_1983&amp;quot;,SPHEROID[&amp;quot;GRS_1980&amp;quot;,6378137.0,298.257222101]],PRIMEM[&amp;quot;Greenwich&amp;quot;,0.0],UNIT[&amp;quot;Degree&amp;quot;,0.0174532925199433]],PROJECTION[&amp;quot;Lambert_Conformal_Conic&amp;quot;],PARAMETER[&amp;quot;False_Easting&amp;quot;,200000.0],PARAMETER[&amp;quot;False_Northing&amp;quot;,750000.0],PARAMETER[&amp;quot;Central_Meridian&amp;quot;,-71.5],PARAMETER[&amp;quot;Standard_Parallel_1&amp;quot;,41.71666666666667],PARAMETER[&amp;quot;Standard_Parallel_2&amp;quot;,42.68333333333333],PARAMETER[&amp;quot;Latitude_Of_Origin&amp;quot;,41.0],UNIT[&amp;quot;Meter&amp;quot;,1.0],AUTHORITY[&amp;quot;EPSG&amp;quot;,26986]]&lt;/WKT&gt;&lt;XOrigin&gt;-36530900&lt;/XOrigin&gt;&lt;YOrigin&gt;-28803200&lt;/YOrigin&gt;&lt;XYScale&gt;122610652.81195112&lt;/XYScale&gt;&lt;ZOrigin&gt;-100000&lt;/ZOrigin&gt;&lt;ZScale&gt;10000&lt;/ZScale&gt;&lt;MOrigin&gt;-100000&lt;/MOrigin&gt;&lt;MScale&gt;10000&lt;/MScale&gt;&lt;XYTolerance&gt;0.001&lt;/XYTolerance&gt;&lt;ZTolerance&gt;0.001&lt;/ZTolerance&gt;&lt;MTolerance&gt;0.001&lt;/MTolerance&gt;&lt;HighPrecision&gt;true&lt;/HighPrecision&gt;&lt;WKID&gt;26986&lt;/WKID&gt;&lt;LatestWKID&gt;26986&lt;/LatestWKID&gt;&lt;/ProjectedCoordinateSystem&gt;</peXml><csUnits Sync="TRUE">Linear Unit: Meter (1.000000)</csUnits></coordRef><lineage><Process ToolSource="c:\program files (x86)\arcgis\desktop10.8\ArcToolbox\Toolboxes\Data Management Tools.tbx\Rename" Date="20250312" Time="134339">Rename E:\MassGIS\Parcels\data\M205_Newbury\CY25_FY25\SDE\M205_parcels_CY25_FY25_sde.gdb\M000TaxPar E:\MassGIS\Parcels\data\M205_Newbury\CY25_FY25\SDE\M205_parcels_CY25_FY25_sde.gdb\M205TaxPar FeatureClass</Process><Process ToolSource="c:\program files (x86)\arcgis\desktop10.8\ArcToolbox\Toolboxes\Conversion Tools.tbx\FeatureClassToFeatureClass" Date="20250312" Time="134344">FeatureClassToFeatureClass E:\MassGIS\Parcels\data\M205_Newbury\CY25_FY25\SDE\M205_parcels_CY25_FY25_sde.gdb\M205TaxPar E:\MassGIS\Parcels\data\M205_Newbury\CY25_FY25\L3_SHP_M205_Newbury M205TaxPar_CY25_FY25 # "SHAPE_Leng "SHAPE_Leng" false true true 8 Double 0 0 ,First,#,E:\MassGIS\Parcels\data\M205_Newbury\CY25_FY25\SDE\M205_parcels_CY25_FY25_sde.gdb\M205TaxPar,SHAPE_Length,-1,-1;SHAPE_Area "SHAPE_Area" false true true 8 Double 0 0 ,First,#,E:\MassGIS\Parcels\data\M205_Newbury\CY25_FY25\SDE\M205_parcels_CY25_FY25_sde.gdb\M205TaxPar,SHAPE_Area,-1,-1;MAP_PAR_ID "MAP_PAR_ID" true true false 26 Text 0 0 ,First,#,E:\MassGIS\Parcels\data\M205_Newbury\CY25_FY25\SDE\M205_parcels_CY25_FY25_sde.gdb\M205TaxPar,MAP_PAR_ID,-1,-1;LOC_ID "LOC_ID" true false false 18 Text 0 0 ,First,#,E:\MassGIS\Parcels\data\M205_Newbury\CY25_FY25\SDE\M205_parcels_CY25_FY25_sde.gdb\M205TaxPar,LOC_ID,-1,-1;POLY_TYPE "POLY_TYPE" true false false 15 Text 0 0 ,First,#,E:\MassGIS\Parcels\data\M205_Newbury\CY25_FY25\SDE\M205_parcels_CY25_FY25_sde.gdb\M205TaxPar,POLY_TYPE,-1,-1;MAP_NO "MAP_NO" true true false 4 Text 0 0 ,First,#,E:\MassGIS\Parcels\data\M205_Newbury\CY25_FY25\SDE\M205_parcels_CY25_FY25_sde.gdb\M205TaxPar,MAP_NO,-1,-1;SOURCE "SOURCE" true false false 15 Text 0 0 ,First,#,E:\MassGIS\Parcels\data\M205_Newbury\CY25_FY25\SDE\M205_parcels_CY25_FY25_sde.gdb\M205TaxPar,SOURCE,-1,-1;PLAN_ID "PLAN_ID" true true false 40 Text 0 0 ,First,#,E:\MassGIS\Parcels\data\M205_Newbury\CY25_FY25\SDE\M205_parcels_CY25_FY25_sde.gdb\M205TaxPar,PLAN_ID,-1,-1;LAST_EDIT "LAST_EDIT" true false false 4 Long 0 0 ,First,#,E:\MassGIS\Parcels\data\M205_Newbury\CY25_FY25\SDE\M205_parcels_CY25_FY25_sde.gdb\M205TaxPar,LAST_EDIT,-1,-1;BND_CHK "BND_CHK" true true false 2 Text 0 0 ,First,#,E:\MassGIS\Parcels\data\M205_Newbury\CY25_FY25\SDE\M205_parcels_CY25_FY25_sde.gdb\M205TaxPar,BND_CHK,-1,-1;NO_MATCH "NO_MATCH" true false false 1 Text 0 0 ,First,#,E:\MassGIS\Parcels\data\M205_Newbury\CY25_FY25\SDE\M205_parcels_CY25_FY25_sde.gdb\M205TaxPar,NO_MATCH,-1,-1;TOWN_ID "TOWN_ID" true true false 2 Short 0 0 ,First,#,E:\MassGIS\Parcels\data\M205_Newbury\CY25_FY25\SDE\M205_parcels_CY25_FY25_sde.gdb\M205TaxPar,TOWN_ID,-1,-1" #</Process></lineage></DataProperties><ArcGISProfile>FGDC</ArcGISProfile><SyncDate>20250312</SyncDate><SyncTime>13434400</SyncTime><ModDate>20250312</ModDate><ModTime>13434400</ModTime><ArcGISstyle>FGDC CSDGM Metadata</ArcGISstyle><scaleRange><minScale>50000</minScale><maxScale>5000</maxScale></scaleRange></Esri><eainfo><detailed Name="M205TaxPar_CY25_FY25"><enttyp><enttypl Sync="TRUE">M205TaxPar_CY25_FY25</enttypl><enttypt Sync="TRUE">Feature Class</enttypt><enttypc Sync="TRUE">0</enttypc></enttyp><attr><attrlabl Sync="TRUE">FID</attrlabl><attalias Sync="TRUE">FID</attalias><attrtype Sync="TRUE">OID</attrtype><attwidth Sync="TRUE">4</attwidth><atprecis Sync="TRUE">0</atprecis><attscale Sync="TRUE">0</attscale><attrdef Sync="TRUE">Internal feature number.</attrdef><attrdefs Sync="TRUE">Esri</attrdefs><attrdomv><udom Sync="TRUE">Sequential unique whole numbers that are automatically generated.</udom></attrdomv></attr><attr><attrlabl>SOURCE</attrlabl><attrdef>Boundary feature source</attrdef><attrdefs>MassGIS Standard for Digital Parcel Files - v2.1</attrdefs><attrdomv><edom><edomv>SUBDIV</edomv><edomvd>Subdivision Plan</edomvd><edomvds>Massachusetts Office of Geographic Information (MassGIS)</edomvds></edom><edom><edomv>ROAD_LAYOUT</edomv><edomvd>Road layout</edomvd><edomvds>Massachusetts Office of Geographic Information (MassGIS)</edomvds></edom><edom><edomv>ANR</edomv><edomvd>Subdivision approval not required</edomvd><edomvds>Massachusetts Office of Geographic Information (MassGIS)</edomvds></edom><edom><edomv>OTHER</edomv><edomvd>Other source</edomvd><edomvds>Massachusetts Office of Geographic Information (MassGIS)</edomvds></edom><edom><edomv>ASSESS</edomv><edomvd>Assessor Map</edomvd><edomvds>Massachusetts Office of Geographic Information (MassGIS)</edomvds></edom></attrdomv><attalias Sync="TRUE">SOURCE</attalias><attrtype Sync="TRUE">String</attrtype><attwidth Sync="TRUE">15</attwidth><atprecis Sync="TRUE">0</atprecis><attscale Sync="TRUE">0</attscale></attr><attr><attrlabl Sync="TRUE">SHAPE_Leng</attrlabl><attalias Sync="TRUE">SHAPE_Leng</attalias><attrtype Sync="TRUE">Double</attrtype><attwidth Sync="TRUE">19</attwidth><atprecis Sync="TRUE">0</atprecis><attscale Sync="TRUE">0</attscale></attr><attr><attrlabl>PLAN_ID</attrlabl><attrdef>Identifying information for plan used to update digital file.</attrdef><attrdefs>MassGIS Standard for Digital Parcel Files - v2.1</attrdefs><attalias Sync="TRUE">PLAN_ID</attalias><attrtype Sync="TRUE">String</attrtype><attwidth Sync="TRUE">40</attwidth><atprecis Sync="TRUE">0</atprecis><attscale Sync="TRUE">0</attscale></attr><attr><attrlabl>TOWN_ID</attrlabl><attalias Sync="TRUE">TOWN_ID</attalias><attrtype Sync="TRUE">Integer</attrtype><attwidth Sync="TRUE">5</attwidth><atprecis Sync="TRUE">5</atprecis><attscale Sync="TRUE">0</attscale></attr><attr><attrlabl>LOC_ID</attrlabl><attrdef>Concatenation of X and Y coordinates of a point inside the polygon.</attrdef><attrdefs>MassGIS Standard for Digital Parcel Files - v2.1</attrdefs><attalias Sync="TRUE">LOC_ID</attalias><attrtype Sync="TRUE">String</attrtype><attwidth Sync="TRUE">18</attwidth><atprecis Sync="TRUE">0</atprecis><attscale Sync="TRUE">0</attscale></attr><attr><attrlabl>SHAPE_Area</attrlabl><attrdef>Area of feature in internal units squared.</attrdef><attrdefs>ESRI</attrdefs><attrdomv><udom>Positive real numbers that are automatically generated.</udom></attrdomv><attalias Sync="TRUE">SHAPE_Area</attalias><attrtype Sync="TRUE">Double</attrtype><attwidth Sync="TRUE">19</attwidth><atprecis Sync="TRUE">0</atprecis><attscale Sync="TRUE">0</attscale></attr><attr><attrlabl>NO_MATCH</attrlabl><attrdef>Identifies parcels to be excluded from level 3 match rate calculation requirements</attrdef><attrdefs>MassGIS Standard for Digital Parcel Files - v2.1</attrdefs><attrdomv><edom><edomv>Y</edomv><edomvd>Polygon excluded from match to assessor database</edomvd><edomvds>Massachusetts Office of Geographic Information (MassGIS)</edomvds></edom><edom><edomv>N</edomv><edomvd>Polygon not excluded from matching to assessor record</edomvd><edomvds>Massachusetts Office of Geographic Information (MassGIS)</edomvds></edom></attrdomv><attalias Sync="TRUE">NO_MATCH</attalias><attrtype Sync="TRUE">String</attrtype><attwidth Sync="TRUE">1</attwidth><atprecis Sync="TRUE">0</atprecis><attscale Sync="TRUE">0</attscale></attr><attr><attrlabl>BND_CHK</attrlabl><attrdef>Identifies parcel boundaries with a discrepancy when compared to orthoimage base map.</attrdef><attrdefs>MassGIS Standard for Digital Parcel Files - v2.1</attrdefs><attrdomv><edom><edomv>CC</edomv><edomvd>Discrepancy checked by compiler and is correct.</edomvd><edomvds>Massachusetts Office of Geographic Information (MassGIS)</edomvds></edom><edom><edomv>NR</edomv><edomvd>Discrepancy needs review.</edomvd><edomvds>Massachusetts Office of Geographic Information (MassGIS)</edomvds></edom><edom><edomv>OK</edomv><edomvd>Compilation discrepancy is acceptable. (only entered by MassGIS)</edomvd><edomvds>Massachusetts Office of Geographic Information (MassGIS)</edomvds></edom></attrdomv><attalias Sync="TRUE">BND_CHK</attalias><attrtype Sync="TRUE">String</attrtype><attwidth Sync="TRUE">2</attwidth><atprecis Sync="TRUE">0</atprecis><attscale Sync="TRUE">0</attscale></attr><attr><attrlabl>LAST_EDIT</attrlabl><attrdef>Date this parcel polygon was last edited.</attrdef><attrdefs>MassGIS Standard for Digital Parcel Files - v2.1</attrdefs><attalias Sync="TRUE">LAST_EDIT</attalias><attrtype Sync="TRUE">Integer</attrtype><attwidth Sync="TRUE">10</attwidth><atprecis Sync="TRUE">10</atprecis><attscale Sync="TRUE">0</attscale></attr><attr><attrlabl>MAP_NO</attrlabl><attrdef>Map number of assessor's map sheet which feature appears on.</attrdef><attrdefs>MassGIS Standard for Digital Parcel Files - v2.1</attrdefs><attalias Sync="TRUE">MAP_NO</attalias><attrtype Sync="TRUE">String</attrtype><attwidth Sync="TRUE">4</attwidth><atprecis Sync="TRUE">0</atprecis><attscale Sync="TRUE">0</attscale></attr><attr><attrlabl>POLY_TYPE</attrlabl><attrdef>Identifies the kind of polygon in the tax parcel layer.</attrdef><attrdefs>MassGIS Standard for Digital Parcel Files - v2.1</attrdefs><attrdomv><edom><edomv>TAX</edomv><edomvd>Dissolved "FEE" parcels with common ownership (tax record)</edomvd><edomvds>Massachusetts Office of Geographic Information (MassGIS)</edomvds></edom><edom><edomv>WATER</edomv><edomvd>Water feature with boundary coincident with a parcel</edomvd><edomvds>Massachusetts Office of Geographic Information (MassGIS)</edomvds></edom><edom><edomv>FEE</edomv><edomvd>Standard fee-ownership property.</edomvd><edomvds>Massachusetts Office of Geographic Information (MassGIS)</edomvds></edom><edom><edomv>RAIL_ROW</edomv><edomvd>Railroad Right-of-way with an associated link to assessor table</edomvd><edomvds>Massachusetts Office of Geographic Information (MassGIS)</edomvds></edom><edom><edomv>ROW</edomv><edomvd>Right-of-way that does not overlap tax parcel polygons.</edomvd><edomvds>Massachusetts Office of Geographic Information (MassGIS)</edomvds></edom><edom><edomv>PRIV_ROW</edomv><edomvd>Private ROW that does not overlap onto other taxable parcels and is not an easement.</edomvd><edomvds>Massachusetts Office of Geographic Information (MassGIS)</edomvds></edom></attrdomv><attalias Sync="TRUE">POLY_TYPE</attalias><attrtype Sync="TRUE">String</attrtype><attwidth Sync="TRUE">15</attwidth><atprecis Sync="TRUE">0</atprecis><attscale Sync="TRUE">0</attscale></attr><attr><attrlabl>SHAPE</attrlabl><attrdef>Feature geometry.</attrdef><attrdefs>ESRI</attrdefs><attrdomv><udom>Coordinates defining the features.</udom></attrdomv><attalias Sync="TRUE">Shape</attalias><attrtype Sync="TRUE">Geometry</attrtype><attwidth Sync="TRUE">0</attwidth><atprecis Sync="TRUE">0</atprecis><attscale Sync="TRUE">0</attscale></attr><attr><attrlabl>MAP_PAR_ID</attrlabl><attrdef>Parcel ID that appears on the assessor map.</attrdef><attrdefs>MassGIS Standard for Digital Parcel Files - v2.1</attrdefs><attalias Sync="TRUE">MAP_PAR_ID</attalias><attrtype Sync="TRUE">String</attrtype><attwidth Sync="TRUE">26</attwidth><atprecis Sync="TRUE">0</atprecis><attscale Sync="TRUE">0</attscale></attr></detailed><overview><eaover>For a full description of the features and attributes contained in this data, please refer to the MassGIS Standard for Digital Parcel Files - v2.1. http://www.mass.gov/anf/research-and-tech/it-serv-and-support/application-serv/office-of-geographic-information-massgis/standards/standard-parcels.html</eaover></overview></eainfo><spdoinfo><ptvctinf><esriterm Name="M205TaxPar_CY25_FY25"><efeatyp Sync="TRUE">Simple</efeatyp><efeageom code="4" Sync="TRUE"></efeageom><esritopo Sync="TRUE">FALSE</esritopo><efeacnt Sync="TRUE">0</efeacnt><spindex Sync="TRUE">FALSE</spindex><linrefer Sync="TRUE">FALSE</linrefer></esriterm></ptvctinf></spdoinfo><mdLang><languageCode value="eng"/><countryCode value="USA" Sync="TRUE"/></mdLang><mdChar><CharSetCd value="004"/></mdChar><mdHrLv><ScopeCd value="005"/></mdHrLv><mdStanName>ArcGIS Metadata</mdStanName><mdStanVer>1.0</mdStanVer><dataIdInfo><envirDesc Sync="FALSE">Esri ArcGIS Pro v.3.3.0</envirDesc><dataLang><languageCode value="eng" Sync="TRUE"/><countryCode value="USA" Sync="TRUE"/></dataLang><idCitation><presForm><PresFormCd value="005" Sync="TRUE"/></presForm><resTitle Sync="FALSE">M205TaxPar</resTitle><date><createDate>2025-02-07T00:00:00</createDate><pubDate>2025-02-07T12:00:00</pubDate></date><citRespParty><rpOrgName>Town of Newbury</rpOrgName><role><RoleCd value="006"/></role></citRespParty><citRespParty><rpOrgName>Merrimack Valley Planning Commission</rpOrgName><role><RoleCd value="006"/></role></citRespParty><citRespParty><rpOrgName>Massachusetts Office of Geographic Information, Commonwealth of Massachusetts</rpOrgName><role><RoleCd value="005"/></role><rpCntInfo><cntAddress addressType="both"><delPoint>One Ashburton Place - Rm 1601</delPoint><city>Boston</city><adminArea>MA</adminArea><postCode>02108</postCode><eMailAdd>neil.macgaffey@state.ma.us</eMailAdd><country>US</country></cntAddress><cntPhone><voiceNum tddtty="">617-619-5641</voiceNum></cntPhone></rpCntInfo></citRespParty></idCitation><spatRpType><SpatRepTypCd value="001" Sync="TRUE"/></spatRpType><dataExt><exDesc>FY2026</exDesc><tempEle><TempExtent><exTemp><TM_Instant><tmPosition>2025-02-07T00:00:00</tmPosition></TM_Instant></exTemp></TempExtent></tempEle></dataExt><idPurp>The purpose of this data is to facilitate the assessor parcel mapping in the Town of Newbury, MA.</idPurp><idAbs>&lt;DIV STYLE="text-align:Left;"&gt;&lt;DIV&gt;&lt;DIV&gt;&lt;P&gt;&lt;SPAN&gt;Assessor’s parcel data for Town of Newbury. Developed from existing digital data. Last update February 2025.&lt;/SPAN&gt;&lt;/P&gt;&lt;/DIV&gt;&lt;/DIV&gt;&lt;/DIV&gt;</idAbs><idCredit>Merrimack Valley Planning Commission, Town of Newbury</idCredit><searchKeys><keyword>MassGIS</keyword><keyword>Town of Newbury</keyword><keyword>Right Of Way</keyword><keyword>Property</keyword><keyword>Massachusetts</keyword><keyword>Water</keyword><keyword>Level 3</keyword><keyword>Parcels</keyword><keyword>Tax</keyword><keyword>ROW</keyword></searchKeys><themeKeys><keyword>MassGIS</keyword><keyword>Right Of Way</keyword><keyword>Property</keyword><keyword>Water</keyword><keyword>Level 3</keyword><keyword>Parcels</keyword><keyword>Tax</keyword><keyword>ROW</keyword></themeKeys><placeKeys><keyword>Town of Newbury</keyword><keyword>Massachusetts</keyword></placeKeys><dataChar><CharSetCd value="004"/></dataChar><idStatus><ProgCd value="001"/></idStatus><idPoC><rpIndName>GIS Dept</rpIndName><rpOrgName>Merrimack Valley Planning Commission</rpOrgName><rpPosName>Spatial Analysts, Technician</rpPosName><role><RoleCd value="007"/></role><rpCntInfo><cntAddress addressType="both"><delPoint>160 Main Street</delPoint><city>Haverhill</city><adminArea>MA</adminArea><postCode>01830</postCode><eMailAdd>gis@mvpc.org</eMailAdd><country>US</country></cntAddress><cntPhone><voiceNum tddtty="">1.978.374.0519</voiceNum><faxNum>1.978.372.4890</faxNum></cntPhone><cntHours>8:30am-4:30pm</cntHours></rpCntInfo></idPoC><resMaint><dateNext>2026-02-07T00:00:00</dateNext><maintFreq><MaintFreqCd value="008"/></maintFreq></resMaint><dataExt><geoEle><GeoBndBox esriExtentType="search"><exTypeCode Sync="TRUE">1</exTypeCode><westBL Sync="FALSE">-70.9673813</westBL><eastBL Sync="FALSE">-70.7942162</eastBL><northBL Sync="FALSE">42.8116211</northBL><southBL Sync="FALSE">42.7355152</southBL></GeoBndBox></geoEle></dataExt><resConst><Consts><useLimit>&lt;DIV STYLE="text-align:Left;"&gt;&lt;DIV&gt;&lt;DIV&gt;&lt;DIV STYLE="font-size:12pt"&gt;&lt;P&gt;&lt;SPAN&gt;This data may be appropriate for planning purposes. It should not be utilized where legal and surveyed property boundaries are required.&lt;/SPAN&gt;&lt;/P&gt;&lt;P&gt;&lt;SPAN /&gt;&lt;/P&gt;&lt;/DIV&gt;&lt;/DIV&gt;&lt;/DIV&gt;&lt;/DIV&gt;</useLimit></Consts></resConst><resConst><LegConsts><useLimit>This parcel data is in the public domain and should not be redistributed for a fee beyond reproduction costs.</useLimit><othConsts>This digital parcel data layer is considered to be in the public domain and will become accessible for download and display from the MassGIS website: http://www.mass.gov/mgis</othConsts></LegConsts></resConst></dataIdInfo><distInfo><distFormat><formatName Sync="TRUE">Shapefile</formatName></distFormat><distTranOps><transSize Sync="TRUE">0.000</transSize></distTranOps></distInfo><mdHrLvName Sync="TRUE">dataset</mdHrLvName><refSysInfo><RefSystem><refSysID><identCode code="26986" Sync="TRUE"/><idCodeSpace Sync="TRUE">EPSG</idCodeSpace><idVersion Sync="TRUE">2.1(3.0.1)</idVersion></refSysID></RefSystem></refSysInfo><spatRepInfo><VectSpatRep><geometObjs Name="M205TaxPar_CY25_FY25"><geoObjTyp><GeoObjTypCd value="002" Sync="TRUE"></GeoObjTypCd></geoObjTyp><geoObjCnt Sync="TRUE">0</geoObjCnt></geometObjs><topLvl><TopoLevCd value="001" Sync="TRUE"></TopoLevCd></topLvl></VectSpatRep></spatRepInfo><mdDateSt Sync="FALSE">20250207</mdDateSt><mdContact><rpOrgName>Massachusetts Office of Geographic Information, Commonwealth of Massachusetts</rpOrgName><role><RoleCd value="005"/></role><displayName>Massachusetts Office of Geographic Information, Commonwealth of Massachusetts</displayName><rpCntInfo><cntAddress addressType="both"><delPoint>One Ashburton Place - Rm 1601</delPoint><city>Boston</city><adminArea>MA</adminArea><postCode>02108</postCode><eMailAdd>neil.macgaffey@state.ma.us</eMailAdd><country>US</country></cntAddress><cntPhone><voiceNum tddtty="">617-619-5641</voiceNum></cntPhone></rpCntInfo></mdContact><mdContact><rpIndName>GIS Dept</rpIndName><rpOrgName>Merrimack Valley Planning Commission</rpOrgName><role><RoleCd value="006"/></role><rpCntInfo><cntAddress addressType="both"><delPoint>160 Main Street</delPoint><city>Haverhill</city><adminArea>MA</adminArea><postCode>01830</postCode><eMailAdd>gis@mvpc.org</eMailAdd></cntAddress><cntPhone><voiceNum tddtty="">978-374-0519</voiceNum></cntPhone></rpCntInfo></mdContact><mdMaint><maintFreq><MaintFreqCd value="008"/></maintFreq><dateNext>2026-02-07T00:00:00</dateNext><maintNote>Last metadata review date: 20240207</maintNote></mdMaint><spatRepInfo><Indref>Parcel ID, LOC_ID</Indref><VectSpatRep><geometObjs Name="M205TaxPar_CY25_FY25"><geoObjTyp><GeoObjTypCd value="002" Sync="TRUE"></GeoObjTypCd></geoObjTyp><geoObjCnt Sync="TRUE">0</geoObjCnt></geometObjs><topLvl><TopoLevCd value="001" Sync="TRUE"></TopoLevCd></topLvl></VectSpatRep></spatRepInfo></metadata>
