<metadata xml:lang="en"><Esri><CreaDate>20101110</CreaDate><CreaTime>12410500</CreaTime><ArcGISFormat>1.0</ArcGISFormat><SyncOnce>FALSE</SyncOnce><DataProperties><itemProps><itemName Sync="TRUE">M073TaxPar_CY25_FY26</itemName><itemLocation><linkage Sync="TRUE">file://\\TSSARCGIS-WAP11\E$\MassGIS\Parcels\data\M073_Dedham\CY25_FY26\L3_SHP_M073_Dedham\M073TaxPar_CY25_FY26.shp</linkage><protocol Sync="TRUE">Local Area Network</protocol></itemLocation><imsContentType Sync="TRUE" export="False">002</imsContentType><nativeExtBox><westBL Sync="TRUE">728790.807800</westBL><eastBL Sync="TRUE">756173.496100</eastBL><southBL Sync="TRUE">2901466.226500</southBL><northBL Sync="TRUE">2927379.560500</northBL><exTypeCode Sync="TRUE">1</exTypeCode></nativeExtBox><itemSize Sync="TRUE">0.000</itemSize></itemProps><coordRef><type Sync="TRUE">Projected</type><geogcsn Sync="TRUE">GCS_North_American_1983</geogcsn><projcsn Sync="TRUE">NAD_1983_StatePlane_Massachusetts_Mainland_FIPS_2001</projcsn><peXml Sync="TRUE">&lt;ProjectedCoordinateSystem xsi:type='typens:ProjectedCoordinateSystem' xmlns:xsi='http://www.w3.org/2001/XMLSchema-instance' xmlns:xs='http://www.w3.org/2001/XMLSchema' xmlns:typens='http://www.esri.com/schemas/ArcGIS/10.8'&gt;&lt;WKT&gt;PROJCS[&amp;quot;NAD_1983_StatePlane_Massachusetts_Mainland_FIPS_2001&amp;quot;,GEOGCS[&amp;quot;GCS_North_American_1983&amp;quot;,DATUM[&amp;quot;D_North_American_1983&amp;quot;,SPHEROID[&amp;quot;GRS_1980&amp;quot;,6378137.0,298.257222101]],PRIMEM[&amp;quot;Greenwich&amp;quot;,0.0],UNIT[&amp;quot;Degree&amp;quot;,0.0174532925199433]],PROJECTION[&amp;quot;Lambert_Conformal_Conic&amp;quot;],PARAMETER[&amp;quot;False_Easting&amp;quot;,200000.0],PARAMETER[&amp;quot;False_Northing&amp;quot;,750000.0],PARAMETER[&amp;quot;Central_Meridian&amp;quot;,-71.5],PARAMETER[&amp;quot;Standard_Parallel_1&amp;quot;,41.71666666666667],PARAMETER[&amp;quot;Standard_Parallel_2&amp;quot;,42.68333333333333],PARAMETER[&amp;quot;Latitude_Of_Origin&amp;quot;,41.0],UNIT[&amp;quot;Meter&amp;quot;,1.0],AUTHORITY[&amp;quot;EPSG&amp;quot;,26986]]&lt;/WKT&gt;&lt;XOrigin&gt;-36530900&lt;/XOrigin&gt;&lt;YOrigin&gt;-28803200&lt;/YOrigin&gt;&lt;XYScale&gt;122610652.81195112&lt;/XYScale&gt;&lt;ZOrigin&gt;-100000&lt;/ZOrigin&gt;&lt;ZScale&gt;10000&lt;/ZScale&gt;&lt;MOrigin&gt;-100000&lt;/MOrigin&gt;&lt;MScale&gt;10000&lt;/MScale&gt;&lt;XYTolerance&gt;0.001&lt;/XYTolerance&gt;&lt;ZTolerance&gt;0.001&lt;/ZTolerance&gt;&lt;MTolerance&gt;0.001&lt;/MTolerance&gt;&lt;HighPrecision&gt;true&lt;/HighPrecision&gt;&lt;WKID&gt;26986&lt;/WKID&gt;&lt;LatestWKID&gt;26986&lt;/LatestWKID&gt;&lt;/ProjectedCoordinateSystem&gt;</peXml><csUnits Sync="TRUE">Linear Unit: Meter (1.000000)</csUnits></coordRef><lineage><Process ToolSource="c:\program files (x86)\arcgis\desktop10.8\ArcToolbox\Toolboxes\Data Management Tools.tbx\Rename" Date="20250912" Time="143827">Rename E:\MassGIS\Parcels\data\M073_Dedham\CY25_FY26\SDE\M073_parcels_CY25_FY26_sde.gdb\M000TaxPar E:\MassGIS\Parcels\data\M073_Dedham\CY25_FY26\SDE\M073_parcels_CY25_FY26_sde.gdb\M073TaxPar FeatureClass</Process><Process ToolSource="c:\program files (x86)\arcgis\desktop10.8\ArcToolbox\Toolboxes\Conversion Tools.tbx\FeatureClassToFeatureClass" Date="20250912" Time="143839">FeatureClassToFeatureClass E:\MassGIS\Parcels\data\M073_Dedham\CY25_FY26\SDE\M073_parcels_CY25_FY26_sde.gdb\M073TaxPar E:\MassGIS\Parcels\data\M073_Dedham\CY25_FY26\L3_SHP_M073_Dedham M073TaxPar_CY25_FY26 # "SHAPE_Leng "SHAPE_Leng" false true true 8 Double 0 0 ,First,#,E:\MassGIS\Parcels\data\M073_Dedham\CY25_FY26\SDE\M073_parcels_CY25_FY26_sde.gdb\M073TaxPar,SHAPE_Length,-1,-1;SHAPE_Area "SHAPE_Area" false true true 8 Double 0 0 ,First,#,E:\MassGIS\Parcels\data\M073_Dedham\CY25_FY26\SDE\M073_parcels_CY25_FY26_sde.gdb\M073TaxPar,SHAPE_Area,-1,-1;MAP_PAR_ID "MAP_PAR_ID" true true false 26 Text 0 0 ,First,#,E:\MassGIS\Parcels\data\M073_Dedham\CY25_FY26\SDE\M073_parcels_CY25_FY26_sde.gdb\M073TaxPar,MAP_PAR_ID,-1,-1;LOC_ID "LOC_ID" true false false 18 Text 0 0 ,First,#,E:\MassGIS\Parcels\data\M073_Dedham\CY25_FY26\SDE\M073_parcels_CY25_FY26_sde.gdb\M073TaxPar,LOC_ID,-1,-1;POLY_TYPE "POLY_TYPE" true false false 15 Text 0 0 ,First,#,E:\MassGIS\Parcels\data\M073_Dedham\CY25_FY26\SDE\M073_parcels_CY25_FY26_sde.gdb\M073TaxPar,POLY_TYPE,-1,-1;MAP_NO "MAP_NO" true true false 4 Text 0 0 ,First,#,E:\MassGIS\Parcels\data\M073_Dedham\CY25_FY26\SDE\M073_parcels_CY25_FY26_sde.gdb\M073TaxPar,MAP_NO,-1,-1;SOURCE "SOURCE" true false false 15 Text 0 0 ,First,#,E:\MassGIS\Parcels\data\M073_Dedham\CY25_FY26\SDE\M073_parcels_CY25_FY26_sde.gdb\M073TaxPar,SOURCE,-1,-1;PLAN_ID "PLAN_ID" true true false 40 Text 0 0 ,First,#,E:\MassGIS\Parcels\data\M073_Dedham\CY25_FY26\SDE\M073_parcels_CY25_FY26_sde.gdb\M073TaxPar,PLAN_ID,-1,-1;LAST_EDIT "LAST_EDIT" true false false 4 Long 0 0 ,First,#,E:\MassGIS\Parcels\data\M073_Dedham\CY25_FY26\SDE\M073_parcels_CY25_FY26_sde.gdb\M073TaxPar,LAST_EDIT,-1,-1;BND_CHK "BND_CHK" true true false 2 Text 0 0 ,First,#,E:\MassGIS\Parcels\data\M073_Dedham\CY25_FY26\SDE\M073_parcels_CY25_FY26_sde.gdb\M073TaxPar,BND_CHK,-1,-1;NO_MATCH "NO_MATCH" true false false 1 Text 0 0 ,First,#,E:\MassGIS\Parcels\data\M073_Dedham\CY25_FY26\SDE\M073_parcels_CY25_FY26_sde.gdb\M073TaxPar,NO_MATCH,-1,-1;TOWN_ID "TOWN_ID" true true false 2 Short 0 0 ,First,#,E:\MassGIS\Parcels\data\M073_Dedham\CY25_FY26\SDE\M073_parcels_CY25_FY26_sde.gdb\M073TaxPar,TOWN_ID,-1,-1" #</Process></lineage></DataProperties><ArcGISProfile>FGDC</ArcGISProfile><SyncDate>20250912</SyncDate><SyncTime>14383700</SyncTime><ModDate>20250912</ModDate><ModTime>14383700</ModTime><scaleRange><minScale>50000</minScale><maxScale>5000</maxScale></scaleRange></Esri><mdLang><languageCode value="eng"/><countryCode value="USA" Sync="TRUE"/></mdLang><mdChar><CharSetCd value="004"/></mdChar><mdHrLv><ScopeCd value="005"/></mdHrLv><mdHrLvName Sync="TRUE">dataset</mdHrLvName><mdContact><rpIndName>Leon Scott</rpIndName><rpOrgName>Town of Dedham</rpOrgName><rpPosName>GIS Manager</rpPosName><rpCntInfo><cntAddress addressType="both"><delPoint>55 River Street</delPoint><city>Dedham</city><adminArea>MA</adminArea><postCode>02026</postCode><eMailAdd>lscott@dedham-ma.gov</eMailAdd></cntAddress><cntPhone><voiceNum tddtty="">781-751-9390</voiceNum></cntPhone></rpCntInfo><displayName>Leon Scott</displayName><role><RoleCd value="007"/></role></mdContact><mdDateSt Sync="TRUE">20250912</mdDateSt><mdStanName>ArcGIS Metadata</mdStanName><mdStanVer>1.0</mdStanVer><distInfo><distFormat><formatName Sync="TRUE">Shapefile</formatName></distFormat><distTranOps><transSize Sync="TRUE">0.000</transSize></distTranOps></distInfo><dataIdInfo><idCitation><resTitle Sync="FALSE">Parcels</resTitle><citRespParty><rpOrgName>Applied Geographics, Inc., Boston, MA</rpOrgName><role><RoleCd value="006"/></role></citRespParty><citRespParty><rpOrgName>Town of Dedham GIS Division</rpOrgName><role><RoleCd value="006"/></role></citRespParty><presForm><PresFormCd value="005"/></presForm><date><reviseDate>2025-09-11T00:00:00</reviseDate><createDate>2025-07-01T00:00:00</createDate><pubDate>2025-09-11T00:00:00</pubDate></date></idCitation><idCredit>Dedham GIS Division, Dedham, MA</idCredit><idStatus><ProgCd value="004"/></idStatus><resMaint><maintFreq><MaintFreqCd value="008"/></maintFreq></resMaint><placeKeys><keyword>Dedham</keyword><keyword>Massachusetts</keyword></placeKeys><themeKeys><keyword>ROW</keyword><keyword>Right Of Way</keyword><keyword>Water</keyword><keyword>Tax</keyword><keyword>Property</keyword><keyword>Parcels</keyword></themeKeys><searchKeys><keyword>Level 3</keyword><keyword>Digital Tax Parcels</keyword><keyword>ROW (Right Of Way)</keyword><keyword>Water</keyword><keyword>MassGIS</keyword><keyword>Dedham</keyword></searchKeys><resConst><LegConsts><useConsts><RestrictCd value="008"/></useConsts><othConsts>The Town of Dedham makes no warranty in regard to the data whatsoever, including, but not limited to, a warranty of the accuracy of the data or publications. The Town has no liability arising from incomplete, incorrect, inaccurate or misleading data provided.
The Town makes no warranties of fitness or merchantability either express or implied in regard to the data or publications provided hereunder. The data or publications provided are provided “as is”.
Data users agree to defend, indemnify, reimburse and hold harmless the Town and its employees, agents, officers, volunteers and contractors from and against all losses, claims, demands, actions, payments, costs, suits, liabilities, including attorney’s fees, expenses and damages (direct or inconsequential) whether or not caused by negligence of the Town, its employees, agents, officers, volunteers and contractors, which are incurred by or recovered against the Town for any reason whatsoever arising out of or relating to the use of this data or to any use towhich the data might be put provided hereunder.</othConsts></LegConsts></resConst><spatRpType><SpatRepTypCd value="001"/></spatRpType><dataLang><languageCode value="eng" country="USA"/><countryCode value="USA" Sync="TRUE"/></dataLang><envirDesc Sync="TRUE"> Version 6.2 (Build 9200) ; Esri ArcGIS 10.9.1.28388</envirDesc><dataExt><geoEle><GeoBndBox esriExtentType="search"><westBL Sync="TRUE">-71.231931</westBL><eastBL Sync="TRUE">-71.130444</eastBL><southBL Sync="TRUE">42.209175</southBL><northBL Sync="TRUE">42.280565</northBL><exTypeCode Sync="TRUE">1</exTypeCode></GeoBndBox></geoEle></dataExt><dataExt><exDesc>ground condition</exDesc></dataExt><suppInfo>(OPTIONAL)</suppInfo><descKeys><thesaName uuidref="723f6998-058e-11dc-8314-0800200c9a66"/><keyword Sync="TRUE">002</keyword></descKeys><idPurp>Assessor's parcel data for the town of Dedham, MA. 
</idPurp><dataChar><CharSetCd value="004"/></dataChar><idPoC><rpIndName>Leon Scott</rpIndName><rpOrgName>Town of Dedham</rpOrgName><rpPosName>GIS Manager</rpPosName><rpCntInfo><cntAddress addressType="both"><delPoint>55 River Street</delPoint><city>Dedham</city><adminArea>MA</adminArea><postCode>02026</postCode><eMailAdd>lscott@dedham-ma.gov</eMailAdd></cntAddress><cntPhone><voiceNum tddtty="">781-751-9390</voiceNum></cntPhone></rpCntInfo><displayName>Leon Scott</displayName><role><RoleCd value="007"/></role></idPoC><idAbs>&lt;DIV STYLE="text-align:Left;"&gt;&lt;DIV&gt;&lt;DIV&gt;&lt;P&gt;&lt;SPAN&gt;This dataset consists of tax parcels for Dedham, Massachusetts. Tax parcels represent property boundaries for the purpose of tax assessment. Tax parcels are not an authoritative source of property boundaries. The authoritative record of property boundaries are recorded at the Norfolk County Registry of Deeds. Only a professional land surveyor my produce a legally authoritative map of property boundaries. Mapand CAMA data updated July, 2025.&lt;/SPAN&gt;&lt;/P&gt;&lt;/DIV&gt;&lt;/DIV&gt;&lt;/DIV&gt;</idAbs><resConst><Consts><useLimit>&lt;DIV STYLE="text-align:Left;"&gt;&lt;DIV&gt;&lt;DIV&gt;&lt;P&gt;&lt;SPAN&gt;This data may be appropriate for planning purposes. It should not be utilized where legal and surveyed property boundaries are required.&lt;/SPAN&gt;&lt;/P&gt;&lt;/DIV&gt;&lt;/DIV&gt;&lt;/DIV&gt;</useLimit></Consts></resConst><tpCat><TopicCatCd value="015"/></tpCat></dataIdInfo><mdMaint><maintFreq><MaintFreqCd value="008"/></maintFreq></mdMaint><mdConst><LegConsts><accessConsts><RestrictCd value="008"/></accessConsts><useConsts><RestrictCd value="008"/></useConsts><othConsts>Access constraints: None</othConsts></LegConsts></mdConst><dqInfo><dqScope><scpLvl><ScopeCd value="005"/></scpLvl></dqScope><report type="DQConcConsis" dimension=""><measDesc>This parcel layer contains discrete, non-overlapping polygons for each property. Adjacent polygons with common ownership and a single tax record have been retained in the "OthLeg" layer that accompanies this TaxPar layer, and dissolved into single parcels in this TaxPar layer. Some non-adjacent parcels may be represented by multi-part polygons where they share common ownership and a single tax record. Public right of ways exist as polygons, not null space. Linework associated with private ROWs are retained in the "OthLeg" layer. Water polygons also representing parcel boundaries have been retained in this TaxPar layer. Additional water features that are not considered parcel boundaries may have been placed in the "Misc" layer that accompanies this TaxPar layer. Easements and other similar non-fee taxable boundaries exist in the 'OthLeg" layer, not the TaxPar layer.</measDesc></report><report type="DQQuanAttAcc" dimension=""><measDesc>Total number of parcels = 8733 Required match rate where BLDG_VAL or OTHER_VAL &gt; $1000: 99.8 pct Required match rate where BLDG_VAL or OTHER_VAL &lt;= $1000: 97.0 pct Total number of records in assessor table = 9259 Total records where BLDG_VAL or OTHER_VAL &gt; $1000: 8395 Of these, total records with valid LOC_ID that join to tax parcels: 8391 Match rate for parcels where BLDG_VAL or OTHER_VAL &gt; $1000: 100.0 pct High value match rate passes QA. Total records where BLDG_VAL or OTHER_VAL &lt; $1000: 864 Of these, total records with valid LOC_ID join to tax parcels: 847 Match rate for parcels where BLDG_VAL and OTHER_VAL &lt;= $1000: 98.0 pct Low value match rate passes QA. Checking match rate of parcels to assessor list... --------------------------------------------- Required match rate for 8733 parcels: 99.0 pct Total number of parcels with "TAX" or "FEE" POLY_TYPE and NO_MATCH = "N": 8560 Of these, 8553 join to assessor list. Match rate for "FEE"/"TAX" parcels to assessor table: 99.9 pct Parcel to assessor match rate is ok. Passes QA.</measDesc></report><report type="DQAbsExtPosAcc" dimension=""><measDesc>Data compiled or reviewed for horizontal accuracy over the MassGIS color orthos from 2008/2009; these orthos are known to be +/- 10' horizontal; however, this data set cannot be used to reach authoritative conclusions about the horizontal accuracy of the boundaries depicted. That work requires a licensed land surveyor.</measDesc></report><dataLineage><prcStep><stepDesc>Existing GIS parcel data was converted to MassGIS Level 3 template geodatabase and additional data layers and tables were added.</stepDesc><stepProc><rpOrgName>Applied Geographics, Inc., Boston, MA</rpOrgName><role><RoleCd value="006"/></role><displayName>Applied Geographics, Inc., Boston, MA</displayName></stepProc></prcStep><prcStep><stepDesc>Spatial accuracy of data was verified using the parcel standard guidelines; town boundary was verified to be coincident with MassGIS town Boundary layer. Polygon topology was updated and validated.</stepDesc><stepProc><rpOrgName>Applied Geographics, Inc., Boston, MA</rpOrgName><role><RoleCd value="006"/></role><displayName>Applied Geographics, Inc., Boston, MA</displayName></stepProc></prcStep><prcStep><stepDesc>Updates were made to the Level II data to reflect the most current version of the town's tax maps as of May 2011 for the town's FY 2012. CAMA data was matched against parcel data to produce a mismatch report which was reconciled with the help of the town. Final QA/QC tool was run.</stepDesc><stepProc><rpOrgName>Applied Geographics, Inc., Boston, MA</rpOrgName><role><RoleCd value="006"/></role><displayName>Applied Geographics, Inc., Boston, MA</displayName></stepProc></prcStep><prcStep><stepDesc>Multipart polygons were created where necessary; internal polygon boundaries were dissolved where necessary; polygons representing legal boundaries such as easements or private right-of-ways were created. LOC_ID was generated or updated.</stepDesc><stepProc><rpOrgName>Applied Geographics, Inc., Boston, MA</rpOrgName><role><RoleCd value="006"/></role><displayName>Applied Geographics, Inc., Boston, MA</displayName></stepProc></prcStep><prcStep><stepDesc>Overlay errors between TaxPar and OthLeg were corrected. Multilink errors between TaxPar and Assess were verified or corrected. Lotsize discrepancies between shape area in TaxPar and LOTSIZE in Assess were verified or corrected.</stepDesc><stepProc><rpOrgName>Applied Geographics, Inc., Boston, MA</rpOrgName><role><RoleCd value="006"/></role><displayName>Applied Geographics, Inc., Boston, MA</displayName></stepProc></prcStep><dataSource type=""><srcDesc>Source data is in ESRI personal geodatabase format. This geodatabase was previously a MassGIS level 2 - compliant dataset. Original automation was from 204 tax maps at 1" = 40', in 2005.</srcDesc><srcScale><equScale><rfDenom>0</rfDenom></equScale></srcScale></dataSource><statement>Tax parcels are maintained by the Town of Dedham GIS Division.  Source information includes Assessor records and recordings from the Norfolk County Registry of Deeds.  MassGIS Level 3 Tax parcels are automatically generated from the source data.

This data layer was originally created as part of the Dedham Stormwater Management Plan by Woodard and Curran in 2000 with extensive QA/QC by Applied Geographics, Inc.  Woodard and Curran created the digital parcel information (street right-of-ways, parcel boundaries, parcel annotation, easements and unique parcel identifiers) from 50-scale parcel mapping created by Philling Engineering in 1967. The digital planimetric mapping was used as a reference for parcel boundary placement. The then current parcel maps were used as a primary reference check to identify missing parcels in the 50-scale parcel mapping.

The assessing database from Vision Appraisal Technology (VAT) was used to determine Registry Numbers for parcels missing from the 50-scale mapping. Using Deed research techniques, Deeds and Subdivision plans for the missing parcels were then copied and all parcel information was incorporated into the digital parcel mapping.

The data layer was managed by Applied Geographics, Inc. but remained property of the Town of Dedham. Edits and updates were made annually based on information provided by the Town Assessor’s and Engineer’s office. Fiscal Year 1997, 1998 and 1999 parcel updates were incorporated by Woodard and Curran in the original project. Applied Geographics, Inc. updated the parcel data as recently in June 2007.

In 2011, Applied Geographic, Inc. updated the parcel data to conform to MassGIS Level 3 Assessors’ Parcel Mapping standard.</statement></dataLineage></dqInfo><spatRepInfo><VectSpatRep><geometObjs Name="M073TaxPar_CY25_FY26"><geoObjTyp><GeoObjTypCd value="002" Sync="TRUE"></GeoObjTypCd></geoObjTyp><geoObjCnt Sync="TRUE">0</geoObjCnt></geometObjs><topLvl><TopoLevCd value="001" Sync="TRUE"></TopoLevCd></topLvl></VectSpatRep></spatRepInfo><refSysInfo><RefSystem dimension=""><refSysID><identCode code="26986">Parcel ID, LOC_ID</identCode><idCodeSpace Sync="TRUE">EPSG</idCodeSpace><idVersion Sync="TRUE">2.1(3.0.1)</idVersion></refSysID></RefSystem></refSysInfo><eainfo><detailed Name="M073TaxPar_CY25_FY26"><enttyp><enttypl Sync="TRUE">M073TaxPar_CY25_FY26</enttypl><enttypt Sync="TRUE">Feature Class</enttypt><enttypc Sync="TRUE">0</enttypc></enttyp><attr><attrlabl Sync="TRUE">FID</attrlabl><attalias Sync="TRUE">FID</attalias><attrtype Sync="TRUE">OID</attrtype><attwidth Sync="TRUE">4</attwidth><atprecis Sync="TRUE">0</atprecis><attscale Sync="TRUE">0</attscale><attrdef Sync="TRUE">Internal feature number.</attrdef><attrdefs Sync="TRUE">Esri</attrdefs><attrdomv><udom Sync="TRUE">Sequential unique whole numbers that are automatically generated.</udom></attrdomv></attr><attr><attrlabl Sync="TRUE">SHAPE</attrlabl><attalias Sync="TRUE">Shape</attalias><attrtype Sync="TRUE">Geometry</attrtype><attwidth Sync="TRUE">0</attwidth><atprecis Sync="TRUE">0</atprecis><attscale Sync="TRUE">0</attscale><attrdef Sync="TRUE">Feature geometry.</attrdef><attrdefs Sync="TRUE">ESRI</attrdefs><attrdomv><udom Sync="TRUE">Coordinates defining the features.</udom></attrdomv></attr><attr><attrlabl Sync="TRUE">SHAPE_Leng</attrlabl><attalias Sync="TRUE">SHAPE_Leng</attalias><attrtype Sync="TRUE">Double</attrtype><attwidth Sync="TRUE">19</attwidth><atprecis Sync="TRUE">0</atprecis><attscale Sync="TRUE">0</attscale></attr><attr><attrlabl Sync="TRUE">MAP_PAR_ID</attrlabl><attalias Sync="TRUE">MAP_PAR_ID</attalias><attrtype Sync="TRUE">String</attrtype><attwidth Sync="TRUE">26</attwidth><atprecis Sync="TRUE">0</atprecis><attscale Sync="TRUE">0</attscale><attrdef>Parcel ID that appears on the assessor map.</attrdef><attrdefs>MassGIS Standard for Digital Parcel Files - v2.0</attrdefs><attrdomv><udom>ID referenced by the town Assessor's offfice</udom></attrdomv></attr><attr><attrlabl Sync="TRUE">LOC_ID</attrlabl><attalias Sync="TRUE">LOC_ID</attalias><attrtype Sync="TRUE">String</attrtype><attwidth Sync="TRUE">18</attwidth><atprecis Sync="TRUE">0</atprecis><attscale Sync="TRUE">0</attscale><attrdefs>MassGIS Standard for Digital Parcel Files - v2.0</attrdefs><attrdef>Concatenation of X and Y coordinates of a point inside the polygon.</attrdef></attr><attr><attrlabl Sync="TRUE">POLY_TYPE</attrlabl><attalias Sync="TRUE">POLY_TYPE</attalias><attrtype Sync="TRUE">String</attrtype><attwidth Sync="TRUE">15</attwidth><atprecis Sync="TRUE">0</atprecis><attscale Sync="TRUE">0</attscale><attrdefs>MassGIS Standard for Digital Parcel Files - v2.0</attrdefs><attrdef>Identifies the kind of polygon in the tax parcel layer.</attrdef><attrdomv><edom><edomvds>Massachusetts Office of Geographic Information (MassGIS)</edomvds><edomv>FEE</edomv><edomvd>Standard fee-ownership property.</edomvd></edom><edom><edomvds>Massachusetts Office of Geographic Information (MassGIS)</edomvds><edomv>TAX</edomv><edomvd>Dissolved "FEE" parcels with common ownership (tax record)</edomvd></edom><edom><edomvds>Massachusetts Office of Geographic Information (MassGIS)</edomvds><edomv>WATER</edomv><edomvd>Water feature with boundary coincident with a parcel</edomvd></edom><edom><edomv>ROW</edomv><edomvds>Massachusetts Office of Geographic Information (MassGIS)</edomvds><edomvd>Right-of-way that does not overlap tax parcel polygons.</edomvd></edom><edom><edomvds>Massachusetts Office of Geographic Information (MassGIS)</edomvds><edomv>RAIL_ROW</edomv><edomvd>Railroad Right-of-way with an associated link to assessor table</edomvd></edom><edom><edomvds>Massachusetts Office of Geographic Information (MassGIS)</edomvds><edomv>PRIV_ROW</edomv><edomvd>Private ROW that does not overlap onto other taxable parcels and is not an easement.</edomvd></edom><edom><edomv>PRIV_DR_ROW</edomv><edomvd>Private drive ROW that does not overlap onto other taxable parcels and is not an easement.</edomvd><edomvds>Dedham GIS Division</edomvds></edom><edom><edomv>PRIV_WAY_ROW</edomv><edomvd>Private way ROW that does not overlap onto other taxable parcels and is not an easement.</edomvd><edomvds>Dedham GIS Division</edomvds></edom></attrdomv></attr><attr><attrlabl Sync="TRUE">MAP_NO</attrlabl><attalias Sync="TRUE">MAP_NO</attalias><attrtype Sync="TRUE">String</attrtype><attwidth Sync="TRUE">4</attwidth><atprecis Sync="TRUE">0</atprecis><attscale Sync="TRUE">0</attscale><attrdefs>MassGIS Standard for Digital Parcel Files - v2.0</attrdefs><attrdef>Map number of assessor's map sheet which feature appears on.</attrdef></attr><attr><attrlabl Sync="TRUE">SOURCE</attrlabl><attalias Sync="TRUE">SOURCE</attalias><attrtype Sync="TRUE">String</attrtype><attwidth Sync="TRUE">15</attwidth><atprecis Sync="TRUE">0</atprecis><attscale Sync="TRUE">0</attscale><attrdefs>MassGIS Standard for Digital Parcel Files - v2.0</attrdefs><attrdef>Boundary feature source</attrdef><attrdomv><edom><edomvds>Massachusetts Office of Geographic Information (MassGIS)</edomvds><edomv>ASSESS</edomv><edomvd>Assessor Map</edomvd></edom><edom><edomvds>Massachusetts Office of Geographic Information (MassGIS)</edomvds><edomv>SUBDIV</edomv><edomvd>Subdivision Plan</edomvd></edom><edom><edomvds>Massachusetts Office of Geographic Information (MassGIS)</edomvds><edomv>ANR</edomv><edomvd>Subdivision approval not required</edomvd></edom><edom><edomvds>Massachusetts Office of Geographic Information (MassGIS)</edomvds><edomv>ROAD_LAYOUT</edomv><edomvd>Road layout</edomvd></edom><edom><edomvds>Massachusetts Office of Geographic Information (MassGIS)</edomvds><edomv>OTHER</edomv><edomvd>Other source</edomvd></edom></attrdomv></attr><attr><attrlabl Sync="TRUE">PLAN_ID</attrlabl><attalias Sync="TRUE">PLAN_ID</attalias><attrtype Sync="TRUE">String</attrtype><attwidth Sync="TRUE">40</attwidth><atprecis Sync="TRUE">0</atprecis><attscale Sync="TRUE">0</attscale><attrdefs>MassGIS Standard for Digital Parcel Files - v2.0</attrdefs><attrdef>Identifying information for plan used to update digital file.</attrdef></attr><attr><attrlabl Sync="TRUE">BND_CHK</attrlabl><attalias Sync="TRUE">BND_CHK</attalias><attrtype Sync="TRUE">String</attrtype><attwidth Sync="TRUE">2</attwidth><atprecis Sync="TRUE">0</atprecis><attscale Sync="TRUE">0</attscale><attrdefs>MassGIS Standard for Digital Parcel Files - v2.0</attrdefs><attrdef>Identifies parcel boundaries with a discrepancy when compared to orthoimage base map.</attrdef><attrdomv><edom><edomvds>Massachusetts Office of Geographic Information (MassGIS)</edomvds><edomv>CC</edomv><edomvd>Discrepancy checked by compiler and is correct.</edomvd></edom><edom><edomvds>Massachusetts Office of Geographic Information (MassGIS)</edomvds><edomv>NR</edomv><edomvd>Discrepancy needs review.</edomvd></edom><edom><edomvds>Massachusetts Office of Geographic Information (MassGIS)</edomvds><edomv>OK</edomv><edomvd>Compilation discrepancy is acceptable. (only entered by MassGIS)</edomvd></edom></attrdomv></attr><attr><attrlabl Sync="TRUE">NO_MATCH</attrlabl><attalias Sync="TRUE">NO_MATCH</attalias><attrtype Sync="TRUE">String</attrtype><attwidth Sync="TRUE">1</attwidth><atprecis Sync="TRUE">0</atprecis><attscale Sync="TRUE">0</attscale><attrdef>Identifies parcels to be excluded from level 3 match rate calculation requirements</attrdef><attrdefs>MassGIS Standard for Digital Parcel Files - v2.0</attrdefs><attrdomv><edom><edomv>N</edomv><edomvd>Polygon not excluded from matching to assessor record</edomvd><edomvds>Massachusetts Office of Geographic Information (MassGIS)</edomvds></edom><edom><edomv>Y</edomv><edomvd>Polygon excluded from match to assessor database</edomvd><edomvds>Massachusetts Office of Geographic Information (MassGIS)</edomvds></edom></attrdomv></attr><attr><attrlabl Sync="TRUE">LAST_EDIT</attrlabl><attalias Sync="TRUE">LAST_EDIT</attalias><attrtype Sync="TRUE">Integer</attrtype><attwidth Sync="TRUE">10</attwidth><atprecis Sync="TRUE">10</atprecis><attscale Sync="TRUE">0</attscale></attr><attr><attrlabl Sync="TRUE">TOWN_ID</attrlabl><attalias Sync="TRUE">TOWN_ID</attalias><attrtype Sync="TRUE">Integer</attrtype><attwidth Sync="TRUE">5</attwidth><atprecis Sync="TRUE">5</atprecis><attscale Sync="TRUE">0</attscale></attr><attr><attrlabl Sync="TRUE">Shape_Area</attrlabl><attalias Sync="TRUE">SHAPE_Area</attalias><attrtype Sync="TRUE">Double</attrtype><attwidth Sync="TRUE">19</attwidth><atprecis Sync="TRUE">0</atprecis><attscale Sync="TRUE">0</attscale><attrdef Sync="TRUE">Area of feature in internal units squared.</attrdef><attrdefs Sync="TRUE">Esri</attrdefs><attrdomv><udom Sync="TRUE">Positive real numbers that are automatically generated.</udom></attrdomv></attr></detailed><overview><dsoverv>Parcel data for the city of Dedham, MA. Parcel data, current as of August 2011, was upgraded to MassGIS Level III standards. Data represents boundaries of approximately 8700 properties, and corresponding information from the town's records of property assessment, including property address, use code and value. Property boundaries are current as of August 2011; property record information is current as of December 2011, and represent data for the the town's fiscal year 2012.</dsoverv><eaover>For a full description of the features and attributes contained in this data, please refer to the MassGIS Standard for Digital Parcel Files - v2.0.

http://www.mass.gov/mgis/standards.htm#Parstandard</eaover></overview></eainfo><spdoinfo><ptvctinf><esriterm Name="M073TaxPar_CY25_FY26"><efeatyp Sync="TRUE">Simple</efeatyp><efeageom code="4" Sync="TRUE"></efeageom><esritopo Sync="TRUE">FALSE</esritopo><efeacnt Sync="TRUE">0</efeacnt><spindex Sync="TRUE">FALSE</spindex><linrefer Sync="TRUE">FALSE</linrefer></esriterm></ptvctinf></spdoinfo></metadata>
