<metadata xml:lang="en"><Esri><CreaDate>20101110</CreaDate><CreaTime>12410500</CreaTime><ArcGISFormat>1.0</ArcGISFormat><SyncOnce>FALSE</SyncOnce><DataProperties><itemProps><itemName Sync="TRUE">M246TaxPar_CY24_FY24</itemName><imsContentType Sync="TRUE">002</imsContentType><itemLocation><linkage Sync="TRUE">file://\\TSSARCGIS-WAP11\E$\MassGIS\Parcels\data\M246_Reading\CY24_FY24\L3_SHP_M246_Reading\M246TaxPar_CY24_FY24.shp</linkage><protocol Sync="TRUE">Local Area Network</protocol></itemLocation><nativeExtBox><westBL Sync="TRUE">229855.582900</westBL><eastBL Sync="TRUE">235232.995600</eastBL><southBL Sync="TRUE">916708.726800</southBL><northBL Sync="TRUE">924085.079700</northBL><exTypeCode Sync="TRUE">1</exTypeCode></nativeExtBox><itemSize Sync="TRUE">0.000</itemSize></itemProps><coordRef><type Sync="TRUE">Projected</type><geogcsn Sync="TRUE">GCS_North_American_1983</geogcsn><projcsn Sync="TRUE">NAD_1983_StatePlane_Massachusetts_Mainland_FIPS_2001</projcsn><peXml Sync="TRUE">&lt;ProjectedCoordinateSystem xsi:type='typens:ProjectedCoordinateSystem' xmlns:xsi='http://www.w3.org/2001/XMLSchema-instance' xmlns:xs='http://www.w3.org/2001/XMLSchema' xmlns:typens='http://www.esri.com/schemas/ArcGIS/10.8'&gt;&lt;WKT&gt;PROJCS[&amp;quot;NAD_1983_StatePlane_Massachusetts_Mainland_FIPS_2001&amp;quot;,GEOGCS[&amp;quot;GCS_North_American_1983&amp;quot;,DATUM[&amp;quot;D_North_American_1983&amp;quot;,SPHEROID[&amp;quot;GRS_1980&amp;quot;,6378137.0,298.257222101]],PRIMEM[&amp;quot;Greenwich&amp;quot;,0.0],UNIT[&amp;quot;Degree&amp;quot;,0.0174532925199433]],PROJECTION[&amp;quot;Lambert_Conformal_Conic&amp;quot;],PARAMETER[&amp;quot;False_Easting&amp;quot;,200000.0],PARAMETER[&amp;quot;False_Northing&amp;quot;,750000.0],PARAMETER[&amp;quot;Central_Meridian&amp;quot;,-71.5],PARAMETER[&amp;quot;Standard_Parallel_1&amp;quot;,41.71666666666667],PARAMETER[&amp;quot;Standard_Parallel_2&amp;quot;,42.68333333333333],PARAMETER[&amp;quot;Latitude_Of_Origin&amp;quot;,41.0],UNIT[&amp;quot;Meter&amp;quot;,1.0],AUTHORITY[&amp;quot;EPSG&amp;quot;,26986]]&lt;/WKT&gt;&lt;XOrigin&gt;-36530900&lt;/XOrigin&gt;&lt;YOrigin&gt;-28803200&lt;/YOrigin&gt;&lt;XYScale&gt;122610652.81195112&lt;/XYScale&gt;&lt;ZOrigin&gt;-100000&lt;/ZOrigin&gt;&lt;ZScale&gt;10000&lt;/ZScale&gt;&lt;MOrigin&gt;-100000&lt;/MOrigin&gt;&lt;MScale&gt;10000&lt;/MScale&gt;&lt;XYTolerance&gt;0.001&lt;/XYTolerance&gt;&lt;ZTolerance&gt;0.001&lt;/ZTolerance&gt;&lt;MTolerance&gt;0.001&lt;/MTolerance&gt;&lt;HighPrecision&gt;true&lt;/HighPrecision&gt;&lt;WKID&gt;26986&lt;/WKID&gt;&lt;LatestWKID&gt;26986&lt;/LatestWKID&gt;&lt;/ProjectedCoordinateSystem&gt;</peXml><csUnits Sync="TRUE">Linear Unit: Meter (1.000000)</csUnits></coordRef><lineage><Process ToolSource="c:\program files (x86)\arcgis\desktop10.8\ArcToolbox\Toolboxes\Data Management Tools.tbx\Rename" Date="20240418" Time="111802">Rename E:\MassGIS\Parcels\data\M246_Reading\CY24_FY24\SDE\M246_parcels_CY24_FY24_sde.gdb\M000TaxPar E:\MassGIS\Parcels\data\M246_Reading\CY24_FY24\SDE\M246_parcels_CY24_FY24_sde.gdb\M246TaxPar FeatureClass</Process><Process ToolSource="c:\program files (x86)\arcgis\desktop10.8\ArcToolbox\Toolboxes\Conversion Tools.tbx\FeatureClassToFeatureClass" Date="20240418" Time="111809">FeatureClassToFeatureClass E:\MassGIS\Parcels\data\M246_Reading\CY24_FY24\SDE\M246_parcels_CY24_FY24_sde.gdb\M246TaxPar E:\MassGIS\Parcels\data\M246_Reading\CY24_FY24\L3_SHP_M246_Reading M246TaxPar_CY24_FY24 # "SHAPE_Leng "SHAPE_Leng" false true true 8 Double 0 0 ,First,#,E:\MassGIS\Parcels\data\M246_Reading\CY24_FY24\SDE\M246_parcels_CY24_FY24_sde.gdb\M246TaxPar,SHAPE_Length,-1,-1;SHAPE_Area "SHAPE_Area" false true true 8 Double 0 0 ,First,#,E:\MassGIS\Parcels\data\M246_Reading\CY24_FY24\SDE\M246_parcels_CY24_FY24_sde.gdb\M246TaxPar,SHAPE_Area,-1,-1;MAP_PAR_ID "MAP_PAR_ID" true true false 26 Text 0 0 ,First,#,E:\MassGIS\Parcels\data\M246_Reading\CY24_FY24\SDE\M246_parcels_CY24_FY24_sde.gdb\M246TaxPar,MAP_PAR_ID,-1,-1;LOC_ID "LOC_ID" true false false 18 Text 0 0 ,First,#,E:\MassGIS\Parcels\data\M246_Reading\CY24_FY24\SDE\M246_parcels_CY24_FY24_sde.gdb\M246TaxPar,LOC_ID,-1,-1;POLY_TYPE "POLY_TYPE" true false false 15 Text 0 0 ,First,#,E:\MassGIS\Parcels\data\M246_Reading\CY24_FY24\SDE\M246_parcels_CY24_FY24_sde.gdb\M246TaxPar,POLY_TYPE,-1,-1;MAP_NO "MAP_NO" true true false 4 Text 0 0 ,First,#,E:\MassGIS\Parcels\data\M246_Reading\CY24_FY24\SDE\M246_parcels_CY24_FY24_sde.gdb\M246TaxPar,MAP_NO,-1,-1;SOURCE "SOURCE" true false false 15 Text 0 0 ,First,#,E:\MassGIS\Parcels\data\M246_Reading\CY24_FY24\SDE\M246_parcels_CY24_FY24_sde.gdb\M246TaxPar,SOURCE,-1,-1;PLAN_ID "PLAN_ID" true true false 40 Text 0 0 ,First,#,E:\MassGIS\Parcels\data\M246_Reading\CY24_FY24\SDE\M246_parcels_CY24_FY24_sde.gdb\M246TaxPar,PLAN_ID,-1,-1;LAST_EDIT "LAST_EDIT" true false false 4 Long 0 0 ,First,#,E:\MassGIS\Parcels\data\M246_Reading\CY24_FY24\SDE\M246_parcels_CY24_FY24_sde.gdb\M246TaxPar,LAST_EDIT,-1,-1;BND_CHK "BND_CHK" true true false 2 Text 0 0 ,First,#,E:\MassGIS\Parcels\data\M246_Reading\CY24_FY24\SDE\M246_parcels_CY24_FY24_sde.gdb\M246TaxPar,BND_CHK,-1,-1;NO_MATCH "NO_MATCH" true false false 1 Text 0 0 ,First,#,E:\MassGIS\Parcels\data\M246_Reading\CY24_FY24\SDE\M246_parcels_CY24_FY24_sde.gdb\M246TaxPar,NO_MATCH,-1,-1;TOWN_ID "TOWN_ID" true true false 2 Short 0 0 ,First,#,E:\MassGIS\Parcels\data\M246_Reading\CY24_FY24\SDE\M246_parcels_CY24_FY24_sde.gdb\M246TaxPar,TOWN_ID,-1,-1" #</Process></lineage></DataProperties><ArcGISProfile>ISO19139</ArcGISProfile><SyncDate>20240418</SyncDate><SyncTime>11180800</SyncTime><ModDate>20240418</ModDate><ModTime>11180800</ModTime><scaleRange><minScale>50000</minScale><maxScale>5000</maxScale></scaleRange></Esri><dataIdInfo><idPurp>There is no summary for this item.</idPurp><idAbs>&lt;DIV STYLE="text-align:Left;"&gt;&lt;DIV&gt;&lt;DIV&gt;&lt;P&gt;&lt;SPAN&gt;Assessor's parcel data for Town of Reading, MA. Developed from existing digital data. Updated by the town April 2024.&lt;/SPAN&gt;&lt;/P&gt;&lt;/DIV&gt;&lt;/DIV&gt;&lt;/DIV&gt;</idAbs><idCredit>Applied Geographics, Boston, MA; City of Reading GIS Department, Reading, MA.</idCredit><idCitation><resTitle>(REQUIRED)</resTitle><presForm><PresFormCd value="005"/></presForm><date><pubDate>2024-04-10T00:00:00</pubDate></date></idCitation><searchKeys><keyword>Level 3</keyword><keyword>Digital Tax Parcels</keyword><keyword>ROW (Right Of Way)</keyword><keyword>Water</keyword><keyword>MassGIS</keyword><keyword>(REQUIRED: include community name)</keyword></searchKeys><resConst><Consts><useLimit>&lt;DIV STYLE="text-align:Left;"&gt;&lt;DIV&gt;&lt;DIV&gt;&lt;P&gt;&lt;SPAN STYLE="font-size:12pt"&gt;Applied Geographics, Boston, MA; City of Reading GIS Department, Reading, MA.&lt;/SPAN&gt;&lt;/P&gt;&lt;/DIV&gt;&lt;/DIV&gt;&lt;/DIV&gt;</useLimit></Consts></resConst><envirDesc Sync="TRUE"> Version 6.2 (Build 9200) ; Esri ArcGIS 10.9.1.28388</envirDesc><dataLang><languageCode value="eng" country="USA"/><countryCode value="USA" Sync="TRUE"/></dataLang><descKeys><thesaName uuidref="723f6998-058e-11dc-8314-0800200c9a66"/><keyword Sync="TRUE">002</keyword></descKeys><spatRpType><SpatRepTypCd value="001"/></spatRpType><dataExt><geoEle><GeoBndBox esriExtentType="search"><exTypeCode Sync="TRUE">1</exTypeCode><westBL Sync="TRUE">-71.136778</westBL><eastBL Sync="TRUE">-71.070906</eastBL><northBL Sync="TRUE">42.566752</northBL><southBL Sync="TRUE">42.500123</southBL></GeoBndBox></geoEle></dataExt></dataIdInfo><idinfo><descript><abstract>(REQUIRED) -- brief description of the dataset.  Provide more detailed description in Entity Attribute --&gt; Overview Description.</abstract><langdata>English</langdata><supplinf>(OPTIONAL)</supplinf></descript><accconst>This digital parcel data layer is considered to be in the public domain and will become accessible for download and display from the MassGIS website:  http://www.mass.gov/mgis</accconst><useconst>This data may be appropriate for planning purposes.  It should not be utilized where legal and surveyed property boundaries are required.</useconst><native>This parcel data is submitted to MassGIS in a file geodatabase.  It will be incorporated into the MassGIS SDE database, and may be converted into other GIS data types for future distribution. </native><datacred>(REQUIRED)</datacred><natvform>File geodatabase feature class</natvform><ptcontac><cntinfo><cntperp><cntper>(REQUIRED - individual in charge of this parcel dataset's development)</cntper><cntorg>(REQUIRED)</cntorg></cntperp><cntpos>(REQUIRED)</cntpos><cntaddr><address>(REQUIRED)</address><city>(REQUIRED)</city><state>(REQUIRED)</state><postal>(REQUIRED)</postal><country>(REQUIRED)</country></cntaddr><cntvoice>(REQUIRED)</cntvoice><cnttdd>(OPTIONAL)</cnttdd><cntfax>(OPTIONAL)</cntfax><cntemail>(REQUIRED)</cntemail><hours>(OPTIONAL)</hours><cntinst>(OPTIONAL)</cntinst></cntinfo></ptcontac><citation><citeinfo><title>(REQUIRED)</title><origin>(REQUIRED - name of contracting company creating level 3)</origin><origin>(REQUIRED - name of community Assessor's Office)</origin><pubdate>Unknown</pubdate><pubtime>Unknown</pubtime></citeinfo></citation><keywords><theme><themekey>Parcels</themekey><themekey>Tax</themekey><themekey>Level 3</themekey><themekey>MassGIS</themekey><themekey>ROW</themekey><themekey>Right Of Way</themekey><themekey>Water</themekey><themekey>Property</themekey></theme><place><placekey>(REQUIRED - community name)</placekey><placekey>Massachusetts</placekey></place></keywords><timeperd><current>ground condition</current><timeinfo><sngdate><caldate>(REQUIRED) -- Last date of submission to MassGIS</caldate></sngdate></timeinfo></timeperd><status><progress>Complete</progress><update>Unknown</update></status><spdom><bounding><westbc>(REQUIRED)</westbc><eastbc>(REQUIRED)</eastbc><northbc>(REQUIRED)</northbc><southbc>(REQUIRED)</southbc></bounding></spdom></idinfo><dataqual><logic>This parcel layer contains discrete, non-overlapping polygons for each property.  Adjacent polygons with common ownership and a single tax record have been retained in the "OthLeg" layer that accompanies this TaxPar layer, and dissolved into single parcels in this TaxPar layer. Some non-adjacent parcels may be represented by multi-part polygons where they share common ownership and a single tax record.  Public rights-of-way (ROWs) exist as polygons, not null space.  Linework associated with private ROWs are retained in the "OthLeg" layer.  Water polygons also representing parcel boundaries have been retained in this TaxPar layer.  Additional water features that are not considered parcel boundaries may have been placed in the "Misc" layer that accompanies this TaxPar layer.  Easements and other similar non-fee taxable boundaries exist in the 'OthLeg" layer, not the TaxPar layer.</logic><posacc><horizpa><horizpar>Original data compiled or reviewed for horizontal accuracy over the MassGIS color orthos from 2008/2009; these orthos are known to be +/- 10' horizontal; however, this data set cannot be used to reach authoritative conclusions about the horizontal accuracy of the boundaries depicted.  That work requires a licensed land surveyor.  Any updates to this data have been compiled on more recent orthophotography, base maps, or digital plans.</horizpar></horizpa></posacc><lineage><srcinfo><srcscale>(REQUIRED) -- (if known, if not "UNKNOWN")  scale of the source materials (for example, on a 1:24,000-scale map, the source scale denominator is 24000).</srcscale><typesrc>(REQUIRED)</typesrc><srctime><timeinfo><sngdate><caldate>(REQUIRED) - Should represent vintage of source data, not this dataset.</caldate></sngdate></timeinfo><srccurr>ground condition</srccurr></srctime><srccitea>(REQUIRED)  -- specify paper map citations and/or original digital parcel citations</srccitea><srccontr>(REQUIRED) -- Discuss the quality/origins of the source materials and how they contributed to the level 3 parcels.  Do not discuss the processing methodologies in this section.  That will go in the "Process Step" area of the FGDC metadata.</srccontr></srcinfo><procstep><procdesc>(REQUIRED) -- Summarize the processing methodologies used in the conversion/upgrades of the source materials into this digital level 3 parcel dataset, including parameters and tolerances used, if any.</procdesc><procsv>(REQUIRED)</procsv></procstep></lineage></dataqual><spdoinfo><indspref>Parcel ID, LOC_ID</indspref><direct>Vector</direct><ptvctinf><esriterm Name="M246TaxPar_CY24_FY24"><efeatyp Sync="TRUE">Simple</efeatyp><efeageom code="4" Sync="TRUE"></efeageom><esritopo Sync="TRUE">FALSE</esritopo><efeacnt Sync="TRUE">0</efeacnt><spindex Sync="TRUE">FALSE</spindex><linrefer Sync="TRUE">FALSE</linrefer></esriterm></ptvctinf></spdoinfo><mdLang><languageCode value="eng"/><countryCode value="USA" Sync="TRUE"/></mdLang><distInfo><distFormat><formatName Sync="TRUE">Shapefile</formatName></distFormat><distTranOps><transSize Sync="TRUE">0.000</transSize></distTranOps></distInfo><mdHrLv><ScopeCd value="005"/></mdHrLv><mdHrLvName Sync="TRUE">dataset</mdHrLvName><refSysInfo><RefSystem><refSysID><identCode code="26986"/><idCodeSpace Sync="TRUE">EPSG</idCodeSpace><idVersion Sync="TRUE">2.1(3.0.1)</idVersion></refSysID></RefSystem></refSysInfo><spatRepInfo><VectSpatRep><geometObjs Name="M246TaxPar_CY24_FY24"><geoObjTyp><GeoObjTypCd value="002" Sync="TRUE"></GeoObjTypCd></geoObjTyp><geoObjCnt Sync="TRUE">0</geoObjCnt></geometObjs><topLvl><TopoLevCd value="001" Sync="TRUE"></TopoLevCd></topLvl></VectSpatRep></spatRepInfo><eainfo><detailed Name="M246TaxPar_CY24_FY24"><enttyp><enttypl>(REQUIRED)</enttypl><enttypt Sync="TRUE">Feature Class</enttypt><enttypc Sync="TRUE">0</enttypc></enttyp><attr><attrlabl Sync="TRUE">FID</attrlabl><attalias Sync="TRUE">FID</attalias><attrtype Sync="TRUE">OID</attrtype><attwidth Sync="TRUE">4</attwidth><atprecis Sync="TRUE">0</atprecis><attscale Sync="TRUE">0</attscale><attrdef Sync="TRUE">Internal feature number.</attrdef><attrdefs Sync="TRUE">Esri</attrdefs><attrdomv><udom Sync="TRUE">Sequential unique whole numbers that are automatically generated.</udom></attrdomv></attr><attr><attrlabl Sync="TRUE">SHAPE</attrlabl><attalias Sync="TRUE">Shape</attalias><attrtype Sync="TRUE">Geometry</attrtype><attwidth Sync="TRUE">0</attwidth><atprecis Sync="TRUE">0</atprecis><attscale Sync="TRUE">0</attscale><attrdef Sync="TRUE">Feature geometry.</attrdef><attrdefs Sync="TRUE">ESRI</attrdefs><attrdomv><udom Sync="TRUE">Coordinates defining the features.</udom></attrdomv></attr><attr><attrlabl Sync="TRUE">SHAPE_Leng</attrlabl><attalias Sync="TRUE">SHAPE_Leng</attalias><attrtype Sync="TRUE">Double</attrtype><attwidth Sync="TRUE">19</attwidth><atprecis Sync="TRUE">0</atprecis><attscale Sync="TRUE">0</attscale></attr><attr><attrlabl Sync="TRUE">SHAPE_Area</attrlabl><attalias Sync="TRUE">SHAPE_Area</attalias><attrtype Sync="TRUE">Double</attrtype><attwidth Sync="TRUE">19</attwidth><atprecis Sync="TRUE">0</atprecis><attscale Sync="TRUE">0</attscale><attrdef Sync="TRUE">Area of feature in internal units squared.</attrdef><attrdefs Sync="TRUE">ESRI</attrdefs><attrdomv><udom Sync="TRUE">Positive real numbers that are automatically generated.</udom></attrdomv></attr><attr><attrlabl Sync="TRUE">MAP_PAR_ID</attrlabl><attalias Sync="TRUE">MAP_PAR_ID</attalias><attrtype Sync="TRUE">String</attrtype><attwidth Sync="TRUE">26</attwidth><atprecis Sync="TRUE">0</atprecis><attscale Sync="TRUE">0</attscale><attrdef>Parcel ID that appears on the assessor map.</attrdef><attrdefs>MassGIS Standard for Digital Parcel Files - v2.1</attrdefs></attr><attr><attrlabl Sync="TRUE">LOC_ID</attrlabl><attalias Sync="TRUE">LOC_ID</attalias><attrtype Sync="TRUE">String</attrtype><attwidth Sync="TRUE">18</attwidth><atprecis Sync="TRUE">0</atprecis><attscale Sync="TRUE">0</attscale><attrdefs>MassGIS Standard for Digital Parcel Files - v2.1</attrdefs><attrdef>Concatenation of X and Y coordinates of a point inside the polygon.</attrdef></attr><attr><attrlabl Sync="TRUE">POLY_TYPE</attrlabl><attalias Sync="TRUE">POLY_TYPE</attalias><attrtype Sync="TRUE">String</attrtype><attwidth Sync="TRUE">15</attwidth><atprecis Sync="TRUE">0</atprecis><attscale Sync="TRUE">0</attscale><attrdefs>MassGIS Standard for Digital Parcel Files - v2.1</attrdefs><attrdef>Identifies the kind of polygon in the tax parcel layer.</attrdef><attrdomv><edom><edomvds>Massachusetts Office of Geographic Information (MassGIS)</edomvds><edomv>FEE</edomv><edomvd>Standard fee-ownership property.</edomvd></edom><edom><edomvds>Massachusetts Office of Geographic Information (MassGIS)</edomvds><edomv>TAX</edomv><edomvd>Dissolved "FEE" parcels with common ownership (tax record)</edomvd></edom><edom><edomvds>Massachusetts Office of Geographic Information (MassGIS)</edomvds><edomv>WATER</edomv><edomvd>Water feature with boundary coincident with a parcel</edomvd></edom><edom><edomv>ROW</edomv><edomvds>Massachusetts Office of Geographic Information (MassGIS)</edomvds><edomvd>Right-of-way that does not overlap tax parcel polygons.</edomvd></edom><edom><edomvds>Massachusetts Office of Geographic Information (MassGIS)</edomvds><edomv>RAIL_ROW</edomv><edomvd>Railroad Right-of-way with an associated link to assessor table</edomvd></edom><edom><edomvds>Massachusetts Office of Geographic Information (MassGIS)</edomvds><edomv>PRIV_ROW</edomv><edomvd>Private ROW that does not overlap onto other taxable parcels and is not an easement.</edomvd></edom></attrdomv></attr><attr><attrlabl Sync="TRUE">MAP_NO</attrlabl><attalias Sync="TRUE">MAP_NO</attalias><attrtype Sync="TRUE">String</attrtype><attwidth Sync="TRUE">4</attwidth><atprecis Sync="TRUE">0</atprecis><attscale Sync="TRUE">0</attscale><attrdefs>MassGIS Standard for Digital Parcel Files - v2.1</attrdefs><attrdef>Map number of assessor's map sheet which feature appears on.</attrdef></attr><attr><attrlabl Sync="TRUE">SOURCE</attrlabl><attalias Sync="TRUE">SOURCE</attalias><attrtype Sync="TRUE">String</attrtype><attwidth Sync="TRUE">15</attwidth><atprecis Sync="TRUE">0</atprecis><attscale Sync="TRUE">0</attscale><attrdefs>MassGIS Standard for Digital Parcel Files - v2.1</attrdefs><attrdef>Boundary feature source</attrdef><attrdomv><edom><edomvds>Massachusetts Office of Geographic Information (MassGIS)</edomvds><edomv>ASSESS</edomv><edomvd>Assessor Map</edomvd></edom><edom><edomvds>Massachusetts Office of Geographic Information (MassGIS)</edomvds><edomv>SUBDIV</edomv><edomvd>Subdivision Plan</edomvd></edom><edom><edomvds>Massachusetts Office of Geographic Information (MassGIS)</edomvds><edomv>ANR</edomv><edomvd>Subdivision approval not required</edomvd></edom><edom><edomvds>Massachusetts Office of Geographic Information (MassGIS)</edomvds><edomv>ROAD_LAYOUT</edomv><edomvd>Road layout</edomvd></edom><edom><edomvds>Massachusetts Office of Geographic Information (MassGIS)</edomvds><edomv>OTHER</edomv><edomvd>Other source</edomvd></edom></attrdomv></attr><attr><attrlabl Sync="TRUE">PLAN_ID</attrlabl><attalias Sync="TRUE">PLAN_ID</attalias><attrtype Sync="TRUE">String</attrtype><attwidth Sync="TRUE">40</attwidth><atprecis Sync="TRUE">0</atprecis><attscale Sync="TRUE">0</attscale><attrdefs>MassGIS Standard for Digital Parcel Files - v2.1</attrdefs><attrdef>Identifying information for plan used to update digital file.</attrdef></attr><attr><attrlabl Sync="TRUE">LAST_EDIT</attrlabl><attalias Sync="TRUE">LAST_EDIT</attalias><attrtype Sync="TRUE">Integer</attrtype><attwidth Sync="TRUE">10</attwidth><atprecis Sync="TRUE">10</atprecis><attscale Sync="TRUE">0</attscale><attrdefs>MassGIS Standard for Digital Parcel Files - v2.1</attrdefs><attrdef>Date this parcel polygon was last edited.</attrdef></attr><attr><attrlabl Sync="TRUE">BND_CHK</attrlabl><attalias Sync="TRUE">BND_CHK</attalias><attrtype Sync="TRUE">String</attrtype><attwidth Sync="TRUE">2</attwidth><atprecis Sync="TRUE">0</atprecis><attscale Sync="TRUE">0</attscale><attrdefs>MassGIS Standard for Digital Parcel Files - v2.1</attrdefs><attrdef>Identifies parcel boundaries with a discrepancy when compared to orthoimage base map.</attrdef><attrdomv><edom><edomvds>Massachusetts Office of Geographic Information (MassGIS)</edomvds><edomv>CC</edomv><edomvd>Discrepancy checked by compiler and is correct.</edomvd></edom><edom><edomvds>Massachusetts Office of Geographic Information (MassGIS)</edomvds><edomv>NR</edomv><edomvd>Discrepancy needs review.</edomvd></edom><edom><edomvds>Massachusetts Office of Geographic Information (MassGIS)</edomvds><edomv>OK</edomv><edomvd>Compilation discrepancy is acceptable. (only entered by MassGIS)</edomvd></edom></attrdomv></attr><attr><attrlabl Sync="TRUE">NO_MATCH</attrlabl><attalias Sync="TRUE">NO_MATCH</attalias><attrtype Sync="TRUE">String</attrtype><attwidth Sync="TRUE">1</attwidth><atprecis Sync="TRUE">0</atprecis><attscale Sync="TRUE">0</attscale><attrdef>Identifies parcels to be excluded from level 3 match rate calculation requirements</attrdef><attrdefs>MassGIS Standard for Digital Parcel Files - v2.1</attrdefs><attrdomv><edom><edomv>N</edomv><edomvd>Polygon not excluded from matching to assessor record</edomvd><edomvds>Massachusetts Office of Geographic Information (MassGIS)</edomvds></edom><edom><edomv>Y</edomv><edomvd>Polygon excluded from match to assessor database</edomvd><edomvds>Massachusetts Office of Geographic Information (MassGIS)</edomvds></edom></attrdomv></attr><attr><attrlabl Sync="TRUE">TOWN_ID</attrlabl><attalias Sync="TRUE">TOWN_ID</attalias><attrtype Sync="TRUE">Integer</attrtype><attwidth Sync="TRUE">5</attwidth><atprecis Sync="TRUE">5</atprecis><attscale Sync="TRUE">0</attscale></attr></detailed><overview><dsoverv>(REQUIRED) -- More detailed explanation of this TaxPar data set than the Abstract.</dsoverv><eaover>For a full description of the features and attributes contained in this data, please refer to the MassGIS Standard for Digital Parcel Files - v2.1.

http://www.mass.gov/anf/research-and-tech/it-serv-and-support/application-serv/office-of-geographic-information-massgis/standards/standard-parcels.html</eaover></overview></eainfo><mdDateSt Sync="TRUE">20240418</mdDateSt><spref><horizsys><cordsysn><projcsn>(REQUIRED, including units]</projcsn></cordsysn><geodetic><horizdn>North American Datum of 1983</horizdn></geodetic></horizsys></spref><distinfo><distrib><cntinfo><cntorgp><cntorg>Massachusetts Office of Geographic Information, Commonwealth of Massachusetts</cntorg></cntorgp><cntaddr><addrtype>mailing and physical address</addrtype><address>One Ashburton Place - Rm 1601</address><city>Boston</city><state>MA</state><postal>02108</postal><country>USA</country></cntaddr><cntvoice>617-619-5641</cntvoice><cntemail>neil.macgaffey@state.ma.us</cntemail><hours>standard business hours, M-F</hours></cntinfo></distrib><distliab>This parcel data is in the public domain and should not be redistributed for a fee beyond reproduction costs.</distliab><stdorder><digform><digtopt><onlinopt><computer><networka><networkr>http://www.mass.gov/anf/research-and-tech/it-serv-and-support/application-serv/office-of-geographic-information-massgis/datalayers/l3parcels.html</networkr></networka></computer><accinstr>Click on the "Download this layer" link to access all digital parcels.</accinstr></onlinopt></digtopt></digform></stdorder><custom>Upon compliance with level 3 of the MassGIS Standard for Digital Parcel Files, this data will be made available for download on the MassGIS website:  http://www.mass.gov/anf/research-and-tech/it-serv-and-support/application-serv/office-of-geographic-information-massgis/datalayers/l3parcels.html</custom><techpreq>GIS software</techpreq><resdesc>(REQUIRED -- Please fill in correct town IDs and town names before deleting the text in these parentheses)M###TaxPar represents a version of digital municipal parcels for the community of &lt;muni-name&gt; that is considered ‘level 3’ compliant per the specifications outlined in the MassGIS Standard for Digital Parcel Files.  Its features can be linked in a GIS or database environment to a set of standardized assessing attributes in the table M###Assess by using the unique identifying values in the LOC_ID field.  This data is also intended to be used in conjunction with associated (and optional) features in the ancillary data layers M###OthLeg and M###Misc.    As one of the data sets identified by Massachusetts’ Strategic Plan for Spatial Data Infrastructure (http://www.mass.gov/anf/research-and-tech/it-serv-and-support/application-serv/office-of-geographic-information-massgis/about-massgis/massgis-strategic-plan.htmll), this data enters the public domain as a valuable resource for mapping, planning, and analysis at all levels of government as well as the private sector.</resdesc></distinfo><metainfo><metd>(REQUIRED) -- Date when metadata is completed.</metd><langmeta>English</langmeta><metstdn>FGDC Content Standards for Digital Geospatial Metadata</metstdn><metac>None</metac><metuc>None</metuc></metainfo></metadata>
