<metadata xml:lang="en"><Esri><CreaDate>20250807</CreaDate><CreaTime>08500600</CreaTime><ArcGISFormat>1.0</ArcGISFormat><ArcGISstyle>FGDC CSDGM Metadata</ArcGISstyle><SyncOnce>FALSE</SyncOnce><DataProperties><itemProps><itemName Sync="TRUE">M093TaxPar_CY25_FY26</itemName><imsContentType Sync="TRUE" export="False">002</imsContentType><nativeExtBox><westBL Sync="TRUE">235022.850288</westBL><eastBL Sync="TRUE">238824.801568</eastBL><southBL Sync="TRUE">904118.055122</southBL><northBL Sync="TRUE">908294.295120</northBL><exTypeCode Sync="TRUE">1</exTypeCode></nativeExtBox><itemLocation><linkage Sync="TRUE">file://\\TSSARCGIS-WAP11\E$\MassGIS\Parcels\data\M093_Everett\CY25_FY26\L3_SHP_M093_Everett\M093TaxPar_CY25_FY26.shp</linkage><protocol Sync="TRUE">Local Area Network</protocol></itemLocation><itemSize Sync="TRUE">0.000</itemSize></itemProps><coordRef><type Sync="TRUE">Projected</type><geogcsn Sync="TRUE">GCS_North_American_1983</geogcsn><csUnits Sync="TRUE">Linear Unit: Meter (1.000000)</csUnits><projcsn Sync="TRUE">NAD_1983_StatePlane_Massachusetts_Mainland_FIPS_2001</projcsn><peXml Sync="TRUE">&lt;ProjectedCoordinateSystem xsi:type='typens:ProjectedCoordinateSystem' xmlns:xsi='http://www.w3.org/2001/XMLSchema-instance' xmlns:xs='http://www.w3.org/2001/XMLSchema' xmlns:typens='http://www.esri.com/schemas/ArcGIS/10.8'&gt;&lt;WKT&gt;PROJCS[&amp;quot;NAD_1983_StatePlane_Massachusetts_Mainland_FIPS_2001&amp;quot;,GEOGCS[&amp;quot;GCS_North_American_1983&amp;quot;,DATUM[&amp;quot;D_North_American_1983&amp;quot;,SPHEROID[&amp;quot;GRS_1980&amp;quot;,6378137.0,298.257222101]],PRIMEM[&amp;quot;Greenwich&amp;quot;,0.0],UNIT[&amp;quot;Degree&amp;quot;,0.0174532925199433]],PROJECTION[&amp;quot;Lambert_Conformal_Conic&amp;quot;],PARAMETER[&amp;quot;False_Easting&amp;quot;,200000.0],PARAMETER[&amp;quot;False_Northing&amp;quot;,750000.0],PARAMETER[&amp;quot;Central_Meridian&amp;quot;,-71.5],PARAMETER[&amp;quot;Standard_Parallel_1&amp;quot;,41.71666666666667],PARAMETER[&amp;quot;Standard_Parallel_2&amp;quot;,42.68333333333333],PARAMETER[&amp;quot;Latitude_Of_Origin&amp;quot;,41.0],UNIT[&amp;quot;Meter&amp;quot;,1.0],AUTHORITY[&amp;quot;EPSG&amp;quot;,26986]]&lt;/WKT&gt;&lt;XOrigin&gt;-36530900&lt;/XOrigin&gt;&lt;YOrigin&gt;-28803200&lt;/YOrigin&gt;&lt;XYScale&gt;122610652.81195112&lt;/XYScale&gt;&lt;ZOrigin&gt;-100000&lt;/ZOrigin&gt;&lt;ZScale&gt;10000&lt;/ZScale&gt;&lt;MOrigin&gt;-100000&lt;/MOrigin&gt;&lt;MScale&gt;10000&lt;/MScale&gt;&lt;XYTolerance&gt;0.001&lt;/XYTolerance&gt;&lt;ZTolerance&gt;0.001&lt;/ZTolerance&gt;&lt;MTolerance&gt;0.001&lt;/MTolerance&gt;&lt;HighPrecision&gt;true&lt;/HighPrecision&gt;&lt;WKID&gt;26986&lt;/WKID&gt;&lt;LatestWKID&gt;26986&lt;/LatestWKID&gt;&lt;/ProjectedCoordinateSystem&gt;</peXml></coordRef><lineage><Process ToolSource="c:\program files (x86)\arcgis\desktop10.8\ArcToolbox\Toolboxes\Data Management Tools.tbx\Rename" Date="20250813" Time="170825">Rename E:\MassGIS\Parcels\data\M093_Everett\CY25_FY26\SDE\M093_parcels_CY25_FY26_sde.gdb\M000TaxPar E:\MassGIS\Parcels\data\M093_Everett\CY25_FY26\SDE\M093_parcels_CY25_FY26_sde.gdb\M093TaxPar FeatureClass</Process><Process ToolSource="c:\program files (x86)\arcgis\desktop10.8\ArcToolbox\Toolboxes\Conversion Tools.tbx\FeatureClassToFeatureClass" Date="20250813" Time="170835">FeatureClassToFeatureClass E:\MassGIS\Parcels\data\M093_Everett\CY25_FY26\SDE\M093_parcels_CY25_FY26_sde.gdb\M093TaxPar E:\MassGIS\Parcels\data\M093_Everett\CY25_FY26\L3_SHP_M093_Everett M093TaxPar_CY25_FY26 # "SHAPE_Leng "SHAPE_Leng" false true true 8 Double 0 0 ,First,#,E:\MassGIS\Parcels\data\M093_Everett\CY25_FY26\SDE\M093_parcels_CY25_FY26_sde.gdb\M093TaxPar,SHAPE_Length,-1,-1;SHAPE_Area "SHAPE_Area" false true true 8 Double 0 0 ,First,#,E:\MassGIS\Parcels\data\M093_Everett\CY25_FY26\SDE\M093_parcels_CY25_FY26_sde.gdb\M093TaxPar,SHAPE_Area,-1,-1;MAP_PAR_ID "MAP_PAR_ID" true true false 26 Text 0 0 ,First,#,E:\MassGIS\Parcels\data\M093_Everett\CY25_FY26\SDE\M093_parcels_CY25_FY26_sde.gdb\M093TaxPar,MAP_PAR_ID,-1,-1;LOC_ID "LOC_ID" true false false 18 Text 0 0 ,First,#,E:\MassGIS\Parcels\data\M093_Everett\CY25_FY26\SDE\M093_parcels_CY25_FY26_sde.gdb\M093TaxPar,LOC_ID,-1,-1;POLY_TYPE "POLY_TYPE" true false false 15 Text 0 0 ,First,#,E:\MassGIS\Parcels\data\M093_Everett\CY25_FY26\SDE\M093_parcels_CY25_FY26_sde.gdb\M093TaxPar,POLY_TYPE,-1,-1;MAP_NO "MAP_NO" true true false 4 Text 0 0 ,First,#,E:\MassGIS\Parcels\data\M093_Everett\CY25_FY26\SDE\M093_parcels_CY25_FY26_sde.gdb\M093TaxPar,MAP_NO,-1,-1;SOURCE "SOURCE" true false false 15 Text 0 0 ,First,#,E:\MassGIS\Parcels\data\M093_Everett\CY25_FY26\SDE\M093_parcels_CY25_FY26_sde.gdb\M093TaxPar,SOURCE,-1,-1;PLAN_ID "PLAN_ID" true true false 40 Text 0 0 ,First,#,E:\MassGIS\Parcels\data\M093_Everett\CY25_FY26\SDE\M093_parcels_CY25_FY26_sde.gdb\M093TaxPar,PLAN_ID,-1,-1;LAST_EDIT "LAST_EDIT" true false false 4 Long 0 0 ,First,#,E:\MassGIS\Parcels\data\M093_Everett\CY25_FY26\SDE\M093_parcels_CY25_FY26_sde.gdb\M093TaxPar,LAST_EDIT,-1,-1;BND_CHK "BND_CHK" true true false 2 Text 0 0 ,First,#,E:\MassGIS\Parcels\data\M093_Everett\CY25_FY26\SDE\M093_parcels_CY25_FY26_sde.gdb\M093TaxPar,BND_CHK,-1,-1;NO_MATCH "NO_MATCH" true false false 1 Text 0 0 ,First,#,E:\MassGIS\Parcels\data\M093_Everett\CY25_FY26\SDE\M093_parcels_CY25_FY26_sde.gdb\M093TaxPar,NO_MATCH,-1,-1;TOWN_ID "TOWN_ID" true true false 2 Short 0 0 ,First,#,E:\MassGIS\Parcels\data\M093_Everett\CY25_FY26\SDE\M093_parcels_CY25_FY26_sde.gdb\M093TaxPar,TOWN_ID,-1,-1" #</Process></lineage></DataProperties><SyncDate>20250813</SyncDate><SyncTime>17083400</SyncTime><ModDate>20250813</ModDate><ModTime>17083400</ModTime><scaleRange><minScale>150000000</minScale><maxScale>5000</maxScale></scaleRange><ArcGISProfile>FGDC</ArcGISProfile></Esri><dataIdInfo><envirDesc Sync="TRUE"> Version 6.2 (Build 9200) ; Esri ArcGIS 10.9.1.28388</envirDesc><dataLang><languageCode value="eng" Sync="TRUE"/><countryCode value="USA" Sync="TRUE"/></dataLang><idCitation><resTitle Sync="FALSE">Parcel data for Everett, MA complying with Level 3 of MassGIS digital parcel standard</resTitle><presForm><PresFormCd value="005" Sync="TRUE"/></presForm><date><pubDate>2025-08-07T00:00:00</pubDate><reviseDate>2025-08-07T00:00:00</reviseDate></date><citRespParty><rpOrgName>Town/City of Everett Assessment Office</rpOrgName><role><RoleCd value="006"/></role></citRespParty><citRespParty><rpIndName>Tim Fountain</rpIndName><rpOrgName>CAI Technologies</rpOrgName><rpPosName>Vice President</rpPosName><role><RoleCd value="006"/></role></citRespParty></idCitation><spatRpType><SpatRepTypCd value="001" Sync="TRUE"/></spatRpType><dataExt><geoEle><GeoBndBox esriExtentType="search"><exTypeCode Sync="TRUE">1</exTypeCode><westBL Sync="TRUE">-71.074678</westBL><eastBL Sync="TRUE">-71.028227</eastBL><northBL Sync="TRUE">42.424382</northBL><southBL Sync="TRUE">42.386605</southBL></GeoBndBox></geoEle><exDesc>FY 2024</exDesc><tempEle><TempExtent><exTemp><TM_Period><tmBegin>2024-02-28T00:00:00</tmBegin><tmEnd>2025-08-07T00:00:00</tmEnd></TM_Period></exTemp></TempExtent></tempEle></dataExt><idPurp>The purpose of this dataset is to provide the Massachusetts Office of Geographic Information with a polygon representation of the parcels for the City of Everett, Massachuesetts that comply with its Level III standards.</idPurp><idAbs>&lt;DIV STYLE="text-align:Left;"&gt;&lt;DIV&gt;&lt;DIV&gt;&lt;P&gt;&lt;SPAN&gt;Assessors parcel data for Town/City of EVERETT. Developed from existing digital data. Map and CAMA data updated June 2024.&lt;/SPAN&gt;&lt;/P&gt;&lt;/DIV&gt;&lt;/DIV&gt;&lt;/DIV&gt;</idAbs><idCredit>Parcel mapping data maintained by CAI Technologies</idCredit><searchKeys><keyword>Massachusetts</keyword><keyword>Level 3</keyword><keyword>Parcels</keyword><keyword>Water</keyword><keyword>Tax</keyword><keyword>EVERETT</keyword><keyword>Property</keyword><keyword>ROW</keyword><keyword>Right Of Way</keyword><keyword>MassGIS</keyword></searchKeys><resConst><Consts><useLimit>&lt;DIV STYLE="text-align:Left;"&gt;&lt;DIV&gt;&lt;DIV&gt;&lt;P&gt;&lt;SPAN&gt;&lt;SPAN&gt;This data may be appropriate for planning purposes. It should not be utilized where legal and surveyed property boundaries are required.&lt;/SPAN&gt;&lt;/SPAN&gt;&lt;/P&gt;&lt;P&gt;&lt;SPAN /&gt;&lt;/P&gt;&lt;/DIV&gt;&lt;/DIV&gt;&lt;/DIV&gt;</useLimit></Consts></resConst><themeKeys><keyword>Level 3</keyword><keyword>Parcels</keyword><keyword>Water</keyword><keyword>Tax</keyword><keyword>Property</keyword><keyword>ROW</keyword><keyword>Right Of Way</keyword><keyword>MassGIS</keyword></themeKeys><dataChar><CharSetCd value="004"/></dataChar><idStatus><ProgCd value="001"/></idStatus><idPoC><rpOrgName>Town/City of Everett Assessment Office</rpOrgName><role><RoleCd value="006"/></role><displayName>Town/City of NORWELL Assessment Office</displayName></idPoC><idPoC><rpIndName>Tim Fountain</rpIndName><rpOrgName>CAI Technologies</rpOrgName><rpPosName>Vice President</rpPosName><role><RoleCd value="006"/></role><displayName>Tim Fountain</displayName></idPoC><resMaint><maintFreq><MaintFreqCd value="008"/></maintFreq></resMaint><resConst><LegConsts><useLimit>This parcel data is in the public domain and should not be redistributed for a fee beyond reproduction costs.</useLimit><othConsts>This digital parcel data layer is considered to be in the public domain and will become accessible for download and display from the MassGIS website: http://www.mass.gov/mgis</othConsts></LegConsts></resConst><placeKeys><keyword>Massachusetts, Everett, MA</keyword></placeKeys></dataIdInfo><mdLang><languageCode value="eng" Sync="TRUE"/><countryCode value="USA" Sync="TRUE"/></mdLang><distInfo><distFormat><formatName Sync="TRUE">Shapefile</formatName></distFormat><distTranOps><transSize Sync="TRUE">0.000</transSize></distTranOps></distInfo><mdHrLv><ScopeCd value="005" Sync="TRUE"/></mdHrLv><mdHrLvName Sync="TRUE">dataset</mdHrLvName><refSysInfo><RefSystem><refSysID><identCode code="26986" Sync="TRUE"/><idCodeSpace Sync="TRUE">EPSG</idCodeSpace><idVersion Sync="TRUE">2.1(3.0.1)</idVersion></refSysID></RefSystem></refSysInfo><spatRepInfo><VectSpatRep><geometObjs Name="M093TaxPar_CY25_FY26"><geoObjTyp><GeoObjTypCd value="002" Sync="TRUE"></GeoObjTypCd></geoObjTyp><geoObjCnt Sync="TRUE">0</geoObjCnt></geometObjs><topLvl><TopoLevCd value="001" Sync="TRUE"></TopoLevCd></topLvl></VectSpatRep></spatRepInfo><spdoinfo><ptvctinf><esriterm Name="M093TaxPar_CY25_FY26"><efeatyp Sync="TRUE">Simple</efeatyp><efeageom code="4" Sync="TRUE"></efeageom><esritopo Sync="TRUE">FALSE</esritopo><efeacnt Sync="TRUE">0</efeacnt><spindex Sync="TRUE">FALSE</spindex><linrefer Sync="TRUE">FALSE</linrefer></esriterm></ptvctinf></spdoinfo><eainfo><detailed Name="M093TaxPar_CY25_FY26"><enttyp><enttypl Sync="TRUE">M093TaxPar_CY25_FY26</enttypl><enttypt Sync="TRUE">Feature Class</enttypt><enttypc Sync="TRUE">0</enttypc></enttyp><attr><attrlabl Sync="TRUE">FID</attrlabl><attalias Sync="TRUE">FID</attalias><attrtype Sync="TRUE">OID</attrtype><attwidth Sync="TRUE">4</attwidth><atprecis Sync="TRUE">0</atprecis><attscale Sync="TRUE">0</attscale><attrdef Sync="TRUE">Internal feature number.</attrdef><attrdefs Sync="TRUE">Esri</attrdefs><attrdomv><udom Sync="TRUE">Sequential unique whole numbers that are automatically generated.</udom></attrdomv></attr><attr><attrlabl Sync="TRUE">SHAPE</attrlabl><attalias Sync="TRUE">Shape</attalias><attrtype Sync="TRUE">Geometry</attrtype><attwidth Sync="TRUE">0</attwidth><atprecis Sync="TRUE">0</atprecis><attscale Sync="TRUE">0</attscale><attrdef Sync="TRUE">Feature geometry.</attrdef><attrdefs Sync="TRUE">Esri</attrdefs><attrdomv><udom Sync="TRUE">Coordinates defining the features.</udom></attrdomv></attr><attr><attrlabl Sync="TRUE">SHAPE_Leng</attrlabl><attalias Sync="TRUE">SHAPE_Leng</attalias><attrtype Sync="TRUE">Double</attrtype><attwidth Sync="TRUE">19</attwidth><atprecis Sync="TRUE">0</atprecis><attscale Sync="TRUE">0</attscale></attr><attr><attrlabl Sync="TRUE">MAP_PAR_ID</attrlabl><attalias Sync="TRUE">MAP_PAR_ID</attalias><attrtype Sync="TRUE">String</attrtype><attwidth Sync="TRUE">26</attwidth><atprecis Sync="TRUE">0</atprecis><attscale Sync="TRUE">0</attscale></attr><attr><attrlabl Sync="TRUE">LOC_ID</attrlabl><attalias Sync="TRUE">LOC_ID</attalias><attrtype Sync="TRUE">String</attrtype><attwidth Sync="TRUE">18</attwidth><atprecis Sync="TRUE">0</atprecis><attscale Sync="TRUE">0</attscale></attr><attr><attrlabl Sync="TRUE">POLY_TYPE</attrlabl><attalias Sync="TRUE">POLY_TYPE</attalias><attrtype Sync="TRUE">String</attrtype><attwidth Sync="TRUE">15</attwidth><atprecis Sync="TRUE">0</atprecis><attscale Sync="TRUE">0</attscale></attr><attr><attrlabl Sync="TRUE">MAP_NO</attrlabl><attalias Sync="TRUE">MAP_NO</attalias><attrtype Sync="TRUE">String</attrtype><attwidth Sync="TRUE">4</attwidth><atprecis Sync="TRUE">0</atprecis><attscale Sync="TRUE">0</attscale></attr><attr><attrlabl Sync="TRUE">SOURCE</attrlabl><attalias Sync="TRUE">SOURCE</attalias><attrtype Sync="TRUE">String</attrtype><attwidth Sync="TRUE">15</attwidth><atprecis Sync="TRUE">0</atprecis><attscale Sync="TRUE">0</attscale></attr><attr><attrlabl Sync="TRUE">PLAN_ID</attrlabl><attalias Sync="TRUE">PLAN_ID</attalias><attrtype Sync="TRUE">String</attrtype><attwidth Sync="TRUE">40</attwidth><atprecis Sync="TRUE">0</atprecis><attscale Sync="TRUE">0</attscale></attr><attr><attrlabl Sync="TRUE">LAST_EDIT</attrlabl><attalias Sync="TRUE">LAST_EDIT</attalias><attrtype Sync="TRUE">Integer</attrtype><attwidth Sync="TRUE">10</attwidth><atprecis Sync="TRUE">10</atprecis><attscale Sync="TRUE">0</attscale></attr><attr><attrlabl Sync="TRUE">BND_CHK</attrlabl><attalias Sync="TRUE">BND_CHK</attalias><attrtype Sync="TRUE">String</attrtype><attwidth Sync="TRUE">2</attwidth><atprecis Sync="TRUE">0</atprecis><attscale Sync="TRUE">0</attscale></attr><attr><attrlabl Sync="TRUE">NO_MATCH</attrlabl><attalias Sync="TRUE">NO_MATCH</attalias><attrtype Sync="TRUE">String</attrtype><attwidth Sync="TRUE">1</attwidth><atprecis Sync="TRUE">0</atprecis><attscale Sync="TRUE">0</attscale></attr><attr><attrlabl Sync="TRUE">TOWN_ID</attrlabl><attalias Sync="TRUE">TOWN_ID</attalias><attrtype Sync="TRUE">Integer</attrtype><attwidth Sync="TRUE">5</attwidth><atprecis Sync="TRUE">5</atprecis><attscale Sync="TRUE">0</attscale></attr><attr><attrlabl Sync="TRUE">SHAPE_Area</attrlabl><attalias Sync="TRUE">SHAPE_Area</attalias><attrtype Sync="TRUE">Double</attrtype><attwidth Sync="TRUE">19</attwidth><atprecis Sync="TRUE">0</atprecis><attscale Sync="TRUE">0</attscale><attrdef Sync="TRUE">Area of feature in internal units squared.</attrdef><attrdefs Sync="TRUE">Esri</attrdefs><attrdomv><udom Sync="TRUE">Positive real numbers that are automatically generated.</udom></attrdomv></attr></detailed></eainfo><mdDateSt Sync="TRUE">20250813</mdDateSt><mdChar><CharSetCd value="004"/></mdChar><mdContact><rpOrgName>Massachusetts Office of Geographic Information, Commonwealth of Massachusetts</rpOrgName><role><RoleCd value="005"/></role><rpCntInfo><cntAddress addressType="both"><delPoint>One Ashburton Place - Rm 1601</delPoint><city>Boston</city><adminArea>MA</adminArea><postCode>02108</postCode><eMailAdd>paul.nutting2@mass.gov</eMailAdd><country>US</country></cntAddress><cntPhone><voiceNum tddtty="">617-619-5641</voiceNum></cntPhone><cntHours>standard business hours, M-F</cntHours></rpCntInfo></mdContact><mdContact><rpIndName>Tim Fountain</rpIndName><rpOrgName>CAI Technologies</rpOrgName><rpPosName>Vice President</rpPosName><role><RoleCd value="006"/></role><displayName>Tim Fountain</displayName><rpCntInfo><cntAddress addressType="physical"><city>Littleton</city><adminArea>NH</adminArea><postCode>03561</postCode><eMailAdd>tfountain@cai-tech.com</eMailAdd><country>US</country></cntAddress><cntPhone><voiceNum tddtty="">603-761-6243</voiceNum></cntPhone></rpCntInfo></mdContact><mdMaint><maintFreq><MaintFreqCd value="008"/></maintFreq></mdMaint></metadata>
