<metadata xml:lang="en"><Esri><CreaDate>20240613</CreaDate><CreaTime>16235400</CreaTime><ArcGISFormat>1.0</ArcGISFormat><ArcGISstyle>North American Profile of ISO19115 2003</ArcGISstyle><SyncOnce>FALSE</SyncOnce><DataProperties><itemProps><itemName Sync="TRUE">M088TaxPar_CY25_FY25</itemName><nativeExtBox><westBL Sync="TRUE">746136.185479</westBL><eastBL Sync="TRUE">777227.625920</eastBL><southBL Sync="TRUE">2819895.773852</southBL><northBL Sync="TRUE">2860119.610727</northBL><exTypeCode Sync="TRUE">1</exTypeCode></nativeExtBox><itemLocation><linkage Sync="TRUE">file://\\TSSARCGIS-WAP11\E$\MassGIS\Parcels\data\M088_Easton\CY25_FY25\L3_SHP_M088_Easton\M088TaxPar_CY25_FY25.shp</linkage><protocol Sync="TRUE">Local Area Network</protocol></itemLocation><relatedItems><item><itemName Sync="TRUE">geoparcels.DBO.Parcel_is_FacilitySite</itemName><itemType Sync="TRUE">Relationship</itemType></item><item><itemName Sync="TRUE">geoparcels.DBO.Parcel_is_FacilitySite</itemName><itemType Sync="TRUE">Relationship</itemType></item></relatedItems><imsContentType Sync="TRUE" export="False">002</imsContentType><itemSize Sync="TRUE">0.000</itemSize></itemProps><coordRef><type Sync="TRUE">Projected</type><geogcsn Sync="TRUE">GCS_North_American_1983</geogcsn><csUnits Sync="TRUE">Linear Unit: Meter (1.000000)</csUnits><projcsn Sync="TRUE">NAD_1983_StatePlane_Massachusetts_Mainland_FIPS_2001</projcsn><peXml Sync="TRUE">&lt;ProjectedCoordinateSystem xsi:type='typens:ProjectedCoordinateSystem' xmlns:xsi='http://www.w3.org/2001/XMLSchema-instance' xmlns:xs='http://www.w3.org/2001/XMLSchema' xmlns:typens='http://www.esri.com/schemas/ArcGIS/10.8'&gt;&lt;WKT&gt;PROJCS[&amp;quot;NAD_1983_StatePlane_Massachusetts_Mainland_FIPS_2001&amp;quot;,GEOGCS[&amp;quot;GCS_North_American_1983&amp;quot;,DATUM[&amp;quot;D_North_American_1983&amp;quot;,SPHEROID[&amp;quot;GRS_1980&amp;quot;,6378137.0,298.257222101]],PRIMEM[&amp;quot;Greenwich&amp;quot;,0.0],UNIT[&amp;quot;Degree&amp;quot;,0.0174532925199433]],PROJECTION[&amp;quot;Lambert_Conformal_Conic&amp;quot;],PARAMETER[&amp;quot;False_Easting&amp;quot;,200000.0],PARAMETER[&amp;quot;False_Northing&amp;quot;,750000.0],PARAMETER[&amp;quot;Central_Meridian&amp;quot;,-71.5],PARAMETER[&amp;quot;Standard_Parallel_1&amp;quot;,41.71666666666667],PARAMETER[&amp;quot;Standard_Parallel_2&amp;quot;,42.68333333333333],PARAMETER[&amp;quot;Latitude_Of_Origin&amp;quot;,41.0],UNIT[&amp;quot;Meter&amp;quot;,1.0],AUTHORITY[&amp;quot;EPSG&amp;quot;,26986]]&lt;/WKT&gt;&lt;XOrigin&gt;-36530900&lt;/XOrigin&gt;&lt;YOrigin&gt;-28803200&lt;/YOrigin&gt;&lt;XYScale&gt;122610652.81195112&lt;/XYScale&gt;&lt;ZOrigin&gt;-100000&lt;/ZOrigin&gt;&lt;ZScale&gt;10000&lt;/ZScale&gt;&lt;MOrigin&gt;-100000&lt;/MOrigin&gt;&lt;MScale&gt;10000&lt;/MScale&gt;&lt;XYTolerance&gt;0.001&lt;/XYTolerance&gt;&lt;ZTolerance&gt;0.001&lt;/ZTolerance&gt;&lt;MTolerance&gt;0.001&lt;/MTolerance&gt;&lt;HighPrecision&gt;true&lt;/HighPrecision&gt;&lt;WKID&gt;26986&lt;/WKID&gt;&lt;LatestWKID&gt;26986&lt;/LatestWKID&gt;&lt;/ProjectedCoordinateSystem&gt;</peXml></coordRef><LayerFile>{"type":"CIMLayerDocument","version":"2.7.0","build":26828,"layers":["CIMPATH=Parcel_Editing/0959529d682245ed8b05ece58b35edb5.xml"],"layerDefinitions":[{"type":"CIMFeatureLayer","name":"Parcels","uRI":"CIMPATH=Parcel_Editing/0959529d682245ed8b05ece58b35edb5.xml","sourceModifiedTime":{"type":"TimeInstant"},"useSourceMetadata":true,"description":"Parcels","layerElevation":{"type":"CIMLayerElevationSurface","mapElevationID":"382a11e58a3746b6951324633d5e92a6"},"expanded":true,"layer3DProperties":{"type":"CIM3DLayerProperties","castShadows":true,"isLayerLit":true,"layerFaceCulling":"None","maxDistance":-1,"minDistance":-1,"preloadTextureCutoffHigh":0.29999999999999999,"preloadTextureCutoffLow":0.59999999999999998,"textureCutoffHigh":0.29999999999999999,"textureCutoffLow":0.59999999999999998,"useCompressedTextures":true,"verticalExaggeration":1,"exaggerationMode":"ScaleZ","verticalUnit":{"uwkid":9003},"lighting":"OneSideDataNormal"},"layerType":"Operational","showLegends":true,"transparency":35,"visibility":true,"displayCacheType":"Permanent","maxDisplayCacheAge":5,"showPopups":true,"serviceLayerID":-1,"refreshRate":-1,"refreshRateUnit":"esriTimeUnitsSeconds","blendingMode":"Alpha","autoGenerateFeatureTemplates":true,"featureTable":{"type":"CIMFeatureTable","displayField":"CNVYNAME","editable":true,"dataConnection":{"type":"CIMFeatureDatasetDataConnection"},"studyAreaSpatialRel":"esriSpatialRelUndefined","searchOrder":"esriSearchOrderSpatial"},"htmlPopupEnabled":true,"htmlPopupFormat":{"type":"CIMHtmlPopupFormat","htmlUseCodedDomainValues":true,"htmlPresentationStyle":"TwoColumnTable"},"isFlattened":true,"selectable":true,"featureCacheType":"Session","displayFiltersType":"ByScale","featureBlendingMode":"Alpha","labelClasses":[{"type":"CIMLabelClass","expression":"[LEGAL_LOT]","expressionEngine":"VBScript","featuresToLabel":"AllVisibleFeatures","maplexLabelPlacementProperties":{"type":"CIMMaplexLabelPlacementProperties","featureType":"Polygon","avoidPolygonHoles":true,"canOverrunFeature":true,"canPlaceLabelOutsidePolygon":false,"canRemoveOverlappingLabel":true,"canStackLabel":true,"connectionType":"Unambiguous","constrainOffset":"NoConstraint","contourAlignmentType":"Page","contourLadderType":"Straight","contourMaximumAngle":90,"enableConnection":true,"featureWeight":0,"fontHeightReductionLimit":4,"fontHeightReductionStep":0.5,"fontWidthReductionLimit":90,"fontWidthReductionStep":5,"graticuleAlignmentType":"Straight","keyNumberGroupName":"Default","labelBuffer":15,"labelLargestPolygon":false,"labelPriority":-1,"labelStackingProperties":{"type":"CIMMaplexLabelStackingProperties","stackAlignment":"ChooseBest","maximumNumberOfLines":3,"minimumNumberOfCharsPerLine":3,"maximumNumberOfCharsPerLine":24,"separators":[{"type":"CIMMaplexStackingSeparator","separator":" ","splitAfter":true},{"type":"CIMMaplexStackingSeparator","separator":",","visible":true,"splitAfter":true}]},"lineFeatureType":"General","linePlacementMethod":"OffsetCurvedFromLine","maximumLabelOverrun":80,"maximumLabelOverrunUnit":"Point","minimumFeatureSizeUnit":"Map","multiPartOption":"OneLabelPerPart","offsetAlongLineProperties":{"type":"CIMMaplexOffsetAlongLineProperties","placementMethod":"BestPositionAlongLine","labelAnchorPoint":"CenterOfLabel","distanceUnit":"Percentage","useLineDirection":true},"pointExternalZonePriorities":{"type":"CIMMaplexExternalZonePriorities","aboveLeft":4,"aboveCenter":2,"aboveRight":1,"centerRight":3,"belowRight":5,"belowCenter":7,"belowLeft":8,"centerLeft":6},"pointPlacementMethod":"AroundPoint","polygonAnchorPointType":"GeometricCenter","polygonBoundaryWeight":0,"polygonExternalZones":{"type":"CIMMaplexExternalZonePriorities","aboveLeft":4,"aboveCenter":2,"aboveRight":1,"centerRight":3,"belowRight":5,"belowCenter":7,"belowLeft":8,"centerLeft":6},"polygonFeatureType":"General","polygonInternalZones":{"type":"CIMMaplexInternalZonePriorities","center":1},"polygonPlacementMethod":"HorizontalInPolygon","primaryOffset":1,"primaryOffsetUnit":"Point","removeExtraWhiteSpace":true,"repetitionIntervalUnit":"Map","rotationProperties":{"type":"CIMMaplexRotationProperties","rotationType":"Arithmetic","alignmentType":"Straight"},"secondaryOffset":100,"strategyPriorities":{"type":"CIMMaplexStrategyPriorities","stacking":1,"overrun":2,"fontCompression":3,"fontReduction":4,"abbreviation":5},"thinningDistanceUnit":"Point","truncationMarkerCharacter":".","truncationMinimumLength":1,"truncationPreferredCharacters":"aeiou","polygonAnchorPointPerimeterInsetUnit":"Point"},"minimumScale":5000,"name":"Default","priority":57,"standardLabelPlacementProperties":{"type":"CIMStandardLabelPlacementProperties","featureType":"Line","featureWeight":"None","labelWeight":"High","numLabelsOption":"OneLabelPerName","lineLabelPosition":{"type":"CIMStandardLineLabelPosition","above":true,"inLine":true,"parallel":true},"lineLabelPriorities":{"type":"CIMStandardLineLabelPriorities","aboveStart":3,"aboveAlong":3,"aboveEnd":3,"centerStart":3,"centerAlong":3,"centerEnd":3,"belowStart":3,"belowAlong":3,"belowEnd":3},"pointPlacementMethod":"AroundPoint","pointPlacementPriorities":{"type":"CIMStandardPointPlacementPriorities","aboveLeft":2,"aboveCenter":2,"aboveRight":1,"centerLeft":3,"centerRight":2,"belowLeft":3,"belowCenter":3,"belowRight":2},"rotationType":"Arithmetic","polygonPlacementMethod":"AlwaysHorizontal"},"textSymbol":{"type":"CIMSymbolReference","symbol":{"type":"CIMTextSymbol","blockProgression":"TTB","compatibilityMode":true,"depth3D":1,"drawSoftHyphen":true,"extrapolateBaselines":true,"flipAngle":90,"fontEffects":"Normal","fontEncoding":"Unicode","fontFamilyName":"Arial","fontStyleName":"Bold","fontType":"Unspecified","haloSize":2,"haloSymbol":{"type":"CIMPolygonSymbol","symbolLayers":[{"type":"CIMSolidFill","enable":true,"color":{"type":"CIMRGBColor","values":[255,255,255,100]}}]},"height":11,"hinting":"Default","horizontalAlignment":"Left","kerning":true,"letterWidth":100,"ligatures":true,"lineGapType":"ExtraLeading","shadowColor":{"type":"CIMRGBColor","values":[0,0,0,100]},"symbol":{"type":"CIMPolygonSymbol","symbolLayers":[{"type":"CIMSolidFill","enable":true,"color":{"type":"CIMRGBColor","values":[0,0,0,100]}}]},"textCase":"Normal","textDirection":"LTR","verticalAlignment":"Baseline","verticalGlyphOrientation":"Right","wordSpacing":100,"billboardMode3D":"FaceNearPlane"}},"useCodedValue":true,"visibility":true,"iD":-1}],"labelVisibility":true,"renderer":{"type":"CIMUniqueValueRenderer","colorRamp":{"type":"CIMMultipartColorRamp","colorRamps":[{"type":"CIMLinearContinuousColorRamp","colorSpace":{"type":"CIMICCColorSpace","url":"CIELAB"},"fromColor":{"type":"CIMLABColor","values":[62.3208039713424,-17.414572843200471,-32.705118531048008,100]},"toColor":{"type":"CIMLABColor","values":[95.970589857693597,-15.963626587133017,58.527405860072655,100]}},{"type":"CIMLinearContinuousColorRamp","colorSpace":{"type":"CIMICCColorSpace","url":"CIELAB"},"fromColor":{"type":"CIMLABColor","values":[95.970589857693597,-15.963626587133017,58.527405860072655,100]},"toColor":{"type":"CIMLABColor","values":[53.167055368155559,71.351455680140617,57.827471192211114,100]}}],"weights":[1,1]},"defaultLabel":"\u003call other values\u003e","defaultSymbol":{"type":"CIMSymbolReference","symbol":{"type":"CIMPolygonSymbol","symbolLayers":[{"type":"CIMSolidStroke","enable":true,"capStyle":"Round","joinStyle":"Round","lineStyle3D":"Strip","miterLimit":10,"width":4,"color":{"type":"CIMRGBColor","values":[0,0,0,100]}},{"type":"CIMSolidFill","enable":true,"color":{"type":"CIMRGBColor","values":[197,0,255,100]}}]}},"defaultSymbolPatch":"Default","fields":["POLY_TYPE"],"groups":[{"type":"CIMUniqueValueGroup","classes":[{"type":"CIMUniqueValueClass","label":"Private ROW","patch":"Default","symbol":{"type":"CIMSymbolReference","symbol":{"type":"CIMPolygonSymbol","symbolLayers":[{"type":"CIMSolidStroke","enable":true,"capStyle":"Round","joinStyle":"Round","lineStyle3D":"Strip","miterLimit":10,"width":3,"color":{"type":"CIMRGBColor","values":[0,112,255,100]}},{"type":"CIMSolidFill","enable":true,"color":{"type":"CIMRGBColor","values":[178,178,178,100]}}]}},"values":[{"type":"CIMUniqueValue","fieldValues":["PRIV_ROW"]}],"visible":true},{"type":"CIMUniqueValueClass","label":"Unconstructed ROW","patch":"Default","symbol":{"type":"CIMSymbolReference","symbol":{"type":"CIMPolygonSymbol","symbolLayers":[{"type":"CIMSolidStroke","enable":true,"capStyle":"Round","joinStyle":"Round","lineStyle3D":"Strip","miterLimit":10,"width":3,"color":{"type":"CIMRGBColor","values":[0,112,255,100]}},{"type":"CIMSolidFill","enable":true,"color":{"type":"CIMRGBColor","values":[130,130,130,100]}}]}},"values":[{"type":"CIMUniqueValue","fieldValues":["UNC_ROW"]}],"visible":true},{"type":"CIMUniqueValueClass","label":"FEE","patch":"Default","symbol":{"type":"CIMSymbolReference","symbol":{"type":"CIMPolygonSymbol","symbolLayers":[{"type":"CIMSolidStroke","enable":true,"capStyle":"Round","joinStyle":"Round","lineStyle3D":"Strip","miterLimit":10,"width":3,"color":{"type":"CIMRGBColor","values":[0,112,255,100]}},{"type":"CIMSolidFill","enable":true,"color":{"type":"CIMRGBColor","values":[255,255,190,100]}}]}},"values":[{"type":"CIMUniqueValue","fieldValues":["FEE"]}],"visible":true},{"type":"CIMUniqueValueClass","label":"RAIL_ROW","patch":"Default","symbol":{"type":"CIMSymbolReference","symbol":{"type":"CIMPolygonSymbol","symbolLayers":[{"type":"CIMSolidStroke","enable":true,"capStyle":"Round","joinStyle":"Round","lineStyle3D":"Strip","miterLimit":10,"width":3,"color":{"type":"CIMRGBColor","values":[0,112,255,100]}},{"type":"CIMSolidFill","enable":true,"color":{"type":"CIMRGBColor","values":[255,255,190,100]}}]}},"values":[{"type":"CIMUniqueValue","fieldValues":["RAIL_ROW"]}],"visible":true},{"type":"CIMUniqueValueClass","label":"ROW","patch":"Default","symbol":{"type":"CIMSymbolReference","symbol":{"type":"CIMPolygonSymbol","symbolLayers":[{"type":"CIMSolidStroke","enable":true,"capStyle":"Round","joinStyle":"Round","lineStyle3D":"Strip","miterLimit":10,"width":3,"color":{"type":"CIMRGBColor","values":[0,112,255,100]}},{"type":"CIMSolidFill","enable":true,"color":{"type":"CIMRGBColor","values":[225,225,225,100]}}]}},"values":[{"type":"CIMUniqueValue","fieldValues":["ROW"]}],"visible":true},{"type":"CIMUniqueValueClass","label":"TAX","patch":"Default","symbol":{"type":"CIMSymbolReference","symbol":{"type":"CIMPolygonSymbol","symbolLayers":[{"type":"CIMSolidStroke","enable":true,"capStyle":"Round","joinStyle":"Round","lineStyle3D":"Strip","miterLimit":10,"width":3,"color":{"type":"CIMRGBColor","values":[0,112,255,100]}},{"type":"CIMSolidFill","enable":true,"color":{"type":"CIMHSVColor","values":[60,10,100,100]}}]}},"values":[{"type":"CIMUniqueValue","fieldValues":["TAX"]}],"visible":true},{"type":"CIMUniqueValueClass","label":"WATER","patch":"Default","symbol":{"type":"CIMSymbolReference","symbol":{"type":"CIMPolygonSymbol","symbolLayers":[{"type":"CIMSolidStroke","enable":true,"capStyle":"Round","joinStyle":"Round","lineStyle3D":"Strip","miterLimit":10,"width":3,"color":{"type":"CIMRGBColor","values":[0,112,255,100]}},{"type":"CIMSolidFill","enable":true,"color":{"type":"CIMRGBColor","values":[151,219,242,100]}}]}},"values":[{"type":"CIMUniqueValue","fieldValues":["WATER"]}],"visible":true}],"heading":"POLY_TYPE"}],"useDefaultSymbol":true,"polygonSymbolColorTarget":"Fill"},"scaleSymbols":true,"snappable":true}]}</LayerFile><lineage><Process ToolSource="c:\program files (x86)\arcgis\desktop10.8\ArcToolbox\Toolboxes\Data Management Tools.tbx\Rename" Date="20250505" Time="101504">Rename E:\MassGIS\Parcels\data\M088_Easton\CY25_FY25\SDE\M088_parcels_CY25_FY25_sde.gdb\M000TaxPar E:\MassGIS\Parcels\data\M088_Easton\CY25_FY25\SDE\M088_parcels_CY25_FY25_sde.gdb\M088TaxPar FeatureClass</Process><Process ToolSource="c:\program files (x86)\arcgis\desktop10.8\ArcToolbox\Toolboxes\Conversion Tools.tbx\FeatureClassToFeatureClass" Date="20250505" Time="101516">FeatureClassToFeatureClass E:\MassGIS\Parcels\data\M088_Easton\CY25_FY25\SDE\M088_parcels_CY25_FY25_sde.gdb\M088TaxPar E:\MassGIS\Parcels\data\M088_Easton\CY25_FY25\L3_SHP_M088_Easton M088TaxPar_CY25_FY25 # "SHAPE_Leng "SHAPE_Leng" false true true 8 Double 0 0 ,First,#,E:\MassGIS\Parcels\data\M088_Easton\CY25_FY25\SDE\M088_parcels_CY25_FY25_sde.gdb\M088TaxPar,SHAPE_Length,-1,-1;SHAPE_Area "SHAPE_Area" false true true 8 Double 0 0 ,First,#,E:\MassGIS\Parcels\data\M088_Easton\CY25_FY25\SDE\M088_parcels_CY25_FY25_sde.gdb\M088TaxPar,SHAPE_Area,-1,-1;MAP_PAR_ID "MAP_PAR_ID" true true false 26 Text 0 0 ,First,#,E:\MassGIS\Parcels\data\M088_Easton\CY25_FY25\SDE\M088_parcels_CY25_FY25_sde.gdb\M088TaxPar,MAP_PAR_ID,-1,-1;LOC_ID "LOC_ID" true false false 18 Text 0 0 ,First,#,E:\MassGIS\Parcels\data\M088_Easton\CY25_FY25\SDE\M088_parcels_CY25_FY25_sde.gdb\M088TaxPar,LOC_ID,-1,-1;POLY_TYPE "POLY_TYPE" true false false 15 Text 0 0 ,First,#,E:\MassGIS\Parcels\data\M088_Easton\CY25_FY25\SDE\M088_parcels_CY25_FY25_sde.gdb\M088TaxPar,POLY_TYPE,-1,-1;MAP_NO "MAP_NO" true true false 4 Text 0 0 ,First,#,E:\MassGIS\Parcels\data\M088_Easton\CY25_FY25\SDE\M088_parcels_CY25_FY25_sde.gdb\M088TaxPar,MAP_NO,-1,-1;SOURCE "SOURCE" true false false 15 Text 0 0 ,First,#,E:\MassGIS\Parcels\data\M088_Easton\CY25_FY25\SDE\M088_parcels_CY25_FY25_sde.gdb\M088TaxPar,SOURCE,-1,-1;PLAN_ID "PLAN_ID" true true false 40 Text 0 0 ,First,#,E:\MassGIS\Parcels\data\M088_Easton\CY25_FY25\SDE\M088_parcels_CY25_FY25_sde.gdb\M088TaxPar,PLAN_ID,-1,-1;LAST_EDIT "LAST_EDIT" true false false 4 Long 0 0 ,First,#,E:\MassGIS\Parcels\data\M088_Easton\CY25_FY25\SDE\M088_parcels_CY25_FY25_sde.gdb\M088TaxPar,LAST_EDIT,-1,-1;BND_CHK "BND_CHK" true true false 2 Text 0 0 ,First,#,E:\MassGIS\Parcels\data\M088_Easton\CY25_FY25\SDE\M088_parcels_CY25_FY25_sde.gdb\M088TaxPar,BND_CHK,-1,-1;NO_MATCH "NO_MATCH" true false false 1 Text 0 0 ,First,#,E:\MassGIS\Parcels\data\M088_Easton\CY25_FY25\SDE\M088_parcels_CY25_FY25_sde.gdb\M088TaxPar,NO_MATCH,-1,-1;TOWN_ID "TOWN_ID" true true false 2 Short 0 0 ,First,#,E:\MassGIS\Parcels\data\M088_Easton\CY25_FY25\SDE\M088_parcels_CY25_FY25_sde.gdb\M088TaxPar,TOWN_ID,-1,-1" #</Process></lineage></DataProperties><SyncDate>20250505</SyncDate><SyncTime>10151400</SyncTime><ModDate>20250505</ModDate><ModTime>10151400</ModTime><ArcGISProfile>FGDC</ArcGISProfile><scaleRange><minScale>500000</minScale><maxScale>5000</maxScale></scaleRange></Esri><mdLang><languageCode value="eng"/><countryCode value="USA" Sync="TRUE"/></mdLang><mdChar><CharSetCd value="004"/></mdChar><mdHrLv><ScopeCd value="005"/></mdHrLv><mdHrLvName Sync="TRUE">dataset</mdHrLvName><mdContact><rpOrgName>Massachusetts Office of Geographic Information, Commonwealth of Massachusetts</rpOrgName><rpCntInfo><cntPhone><voiceNum>617-619-5641</voiceNum></cntPhone><cntAddress addressType="both"><delPoint>One Ashburton Place - Rm 1601</delPoint><city>Boston</city><adminArea>MA</adminArea><postCode>02108</postCode><country>US</country><eMailAdd>neil.macgaffey@state.ma.us</eMailAdd></cntAddress><cntHours>standard business hours, M-F</cntHours></rpCntInfo><role><RoleCd value="005"/></role><displayName>Massachusetts Office of Geographic Information, Commonwealth of Massachusetts</displayName></mdContact><mdDateSt Sync="TRUE">20250505</mdDateSt><mdStanName>ArcGIS Metadata</mdStanName><mdStanVer>1.0</mdStanVer><distInfo><distributor><distorCont><rpOrgName>Massachusetts Office of Geographic Information, Commonwealth of Massachusetts</rpOrgName><rpCntInfo><cntPhone><voiceNum>617-619-5641</voiceNum></cntPhone><cntAddress addressType="both"><delPoint>One Ashburton Place - Rm 1601</delPoint><city>Boston</city><adminArea>MA</adminArea><postCode>02108</postCode><country>US</country><eMailAdd>neil.macgaffey@state.ma.us</eMailAdd></cntAddress><cntHours>standard business hours, M-F</cntHours></rpCntInfo><role><RoleCd value="005"/></role></distorCont><distorTran><onLineSrc><linkage>http://www.mass.gov/mgis/parcels.htm</linkage><orDesc>Click on the "Download this layer" link to access all digital parcels.</orDesc></onLineSrc></distorTran><distorTran><onLineSrc><orDesc>Click on the "Download this layer" link to access all digital parcels.</orDesc></onLineSrc></distorTran></distributor><distFormat><formatName Sync="TRUE">Shapefile</formatName></distFormat><distTranOps><transSize Sync="TRUE">0.000</transSize></distTranOps></distInfo><dataIdInfo><idCitation><date><pubDate date="unknown">2025-04-29T00:00:00</pubDate></date><citRespParty><rpOrgName>Town of Easton</rpOrgName><role><RoleCd value="006"/></role><rpIndName>Leon Scott</rpIndName><rpPosName>GIS Manger</rpPosName></citRespParty><citRespParty><rpOrgName>Easton Board of Assessors</rpOrgName><role><RoleCd value="006"/></role></citRespParty><presForm><PresFormCd value="005"/></presForm><presForm><fgdcGeoform>vector digital data</fgdcGeoform></presForm><resTitle Sync="TRUE">M088TaxPar_CY25_FY25</resTitle></idCitation><idAbs>&lt;DIV STYLE="text-align:Left;"&gt;&lt;DIV&gt;&lt;DIV&gt;&lt;P&gt;&lt;SPAN&gt;This dataset is a polygon representation of the parcels for the Town of Easton, Massachusetts.In May 2011, edits were made through ESRI ArcGIS to the spatial and tabular data in order to bring the file in compliance with November 2010 MassGIS Level III Standards for Digital Parcel Files. These edits included ensuring that the parcel fabric was continuous and closed with no gaps or overlaps. Additionally, parcels were made sure be complitant with the legislatively approved MassGIS TOWNSSURVEY_ARC town boundary datalayer and compared against the 2008 30 cm MassGIS Ortho Imagery. Polygons were assigned a LOC_ID that links to the M088Assess table and other fields were populated where they were known and applicable. &lt;/SPAN&gt;&lt;/P&gt;&lt;P&gt;&lt;SPAN&gt;In February 2025, M088Assess table was generated for fiscal year 2025 (FY25) data. Edits to spatial data were made in order match to FY24 assessor data and comply with MassGIS Level III Standards for Digital Parcel Files. Parcel geometry and CAMA data have now been updated to April 2025.&lt;/SPAN&gt;&lt;/P&gt;&lt;/DIV&gt;&lt;/DIV&gt;&lt;/DIV&gt;</idAbs><idPurp>The purpose of this dataset is to provide the Massachuesetts Office of Geographic Information with a polygon representation of the parcels for the Town of Easton, Massachusetts that comply with its Level III standards.</idPurp><idCredit>Town of Easton, Department of Public Works</idCredit><idStatus><ProgCd value="001"/></idStatus><idPoC><rpIndName>Leon Scott</rpIndName><rpOrgName>Town of Easton, Department of Public Works</rpOrgName><rpPosName>GIS Manager</rpPosName><rpCntInfo><cntPhone><voiceNum tddtty="">508-230-0805</voiceNum></cntPhone><cntAddress addressType="both"><delPoint>130 Center Street</delPoint><city>Easton</city><adminArea>MA</adminArea><postCode>02356</postCode><eMailAdd>lscott@easton.ma.us</eMailAdd></cntAddress></rpCntInfo><role><RoleCd value="007"/></role></idPoC><resMaint><maintFreq><MaintFreqCd value="008"/></maintFreq></resMaint><placeKeys><keyword>Easton</keyword><keyword>Massachusetts</keyword></placeKeys><themeKeys><keyword>Tax</keyword><keyword>Water</keyword><keyword>Level 3</keyword><keyword>Right Of Way</keyword><keyword>ROW</keyword><keyword>Property</keyword><keyword>Parcels</keyword><keyword>MassGIS</keyword></themeKeys><searchKeys><keyword>Tax</keyword><keyword>Easton</keyword><keyword>Water</keyword><keyword>Level 3</keyword><keyword>Right Of Way</keyword><keyword>ROW</keyword><keyword>Property</keyword><keyword>Parcels</keyword><keyword>MassGIS</keyword><keyword>Massachusetts</keyword></searchKeys><resConst><LegConsts><useLimit>This parcel data is in the public domain and should not be redistributed for a fee beyond reproduction costs.</useLimit><othConsts>This digital parcel data layer is considered to be in the public domain and will become accessible for download and display from the MassGIS website: http://www.mass.gov/mgis</othConsts></LegConsts></resConst><resConst><Consts><useLimit>&lt;DIV STYLE="text-align:Left;"&gt;&lt;DIV&gt;&lt;DIV&gt;&lt;P&gt;&lt;SPAN&gt;This data may be appropriate for planning purposes. It should not be utilized where legal and surveyed property boundaries are required.&lt;/SPAN&gt;&lt;/P&gt;&lt;/DIV&gt;&lt;/DIV&gt;&lt;/DIV&gt;</useLimit></Consts></resConst><spatRpType><SpatRepTypCd value="001"/></spatRpType><dataLang><languageCode value="eng"/><countryCode value="USA" Sync="TRUE"/></dataLang><dataExt><geoEle><GeoBndBox><westBL>-71.169075</westBL><eastBL>-71.053943</eastBL><southBL>41.985058</southBL><northBL>42.095828</northBL></GeoBndBox></geoEle><exDesc>Ground conditions.  FY 2025 tax parcels</exDesc><tempEle><TempExtent><exTemp><TM_Period><tmBegin>2023-07-01T00:00:00</tmBegin><tmEnd>2025-04-29T00:00:00</tmEnd></TM_Period></exTemp></TempExtent></tempEle></dataExt><suppInfo>(OPTIONAL)</suppInfo><envirDesc Sync="TRUE"> Version 6.2 (Build 9200) ; Esri ArcGIS 10.9.1.28388</envirDesc><dataExt><geoEle><GeoBndBox esriExtentType="search"><exTypeCode Sync="TRUE">1</exTypeCode><westBL Sync="TRUE">-71.169075</westBL><eastBL Sync="TRUE">-71.053943</eastBL><northBL Sync="TRUE">42.095828</northBL><southBL Sync="TRUE">41.985058</southBL></GeoBndBox></geoEle></dataExt><dataChar><CharSetCd value="004"/></dataChar></dataIdInfo><mdMaint><maintFreq><MaintFreqCd value="008"/></maintFreq></mdMaint><dqInfo><dqScope><scpLvl><ScopeCd value="005"/></scpLvl></dqScope><report type="DQConcConsis" dimension=""><measDesc>This parcel layer contains discrete, non-overlapping polygons for each property. Adjacent polygons with common ownership and a single tax record have been retained in the "OthLeg" layer that accompanies this TaxPar layer, and dissolved into single parcels in this TaxPar layer. Some non-adjacent parcels may be represented by multi-part polygons where they share common ownership and a single tax record. Public right of ways exist as polygons, not null space. Linework associated with private ROWs are retained in the "OthLeg" layer. Water polygons also representing parcel boundaries have been retained in this TaxPar layer. Additional water features that are not considered parcel boundaries may have been placed in the "Misc" layer that accompanies this TaxPar layer. Easements and other similar non-fee taxable boundaries exist in the 'OthLeg" layer, not the TaxPar layer.</measDesc></report><report type="DQQuanAttAcc" dimension=""><measDesc>Required match rate for 7770 parcels: 99.0 pct Total number of parcels with "TAX" or "FEE" POLY_TYPE = 7728 Of these, 7663 join to assessor list. Match rate for "FEE"/"TAX" parcels to assessor table: 99.2 pct Parcel to assessor match rate is ok. Passes QA.</measDesc></report><report type="DQAbsExtPosAcc" dimension="horizontal"><measDesc>Data compiled or reviewed for horizontal accuracy ove the MassGIS color orthos from 2008/2009; these orthos are known to be +/- 10' horizontal; however, this data set cannot be used to reach authoritative conclusions about the horizontal accuracy of the boundaries depicted. That work requires a licensed land surveyor.</measDesc></report><dataLineage><prcStep><stepDesc>Tax parcel data checked against CAMA data to identify parcel data missing assessor record information. Discrepancies were addressed through consultation with individual communities and referencing assessor maps and records.</stepDesc></prcStep><prcStep><stepDesc>Topology rule checks were performed to remove slivers and gaps between taxable parcels.</stepDesc></prcStep><prcStep><stepDesc>Parcel polygons were adjusted to the MassGIS TOWNSURVEY_ARC polyline along boundaries with other towns.</stepDesc></prcStep><prcStep><stepDesc>Parcels were visually verified against base map features in the 2008/2009 30cm USGS Color Ortho Imagery. Visual inconsistencies between the parcels and imagery of greater than 3m were fixed when such changes were supported by parcel boundaries as shown in the original assessor maps.</stepDesc></prcStep><dataSource type=""><srcDesc>The Easton Engineering Department provided Coler &amp; Colantonio, Inc with the base digital parcel file used for Level III conversion.</srcDesc><srcScale><rfDenom>0</rfDenom></srcScale></dataSource><prcStep><stepDesc>Generated M088Assess table for FY24 assessor data. Updated spatial data to correspond to FY24 assessment data</stepDesc><stepDateTm>2024-06-13T00:00:00</stepDateTm></prcStep><prcStep><stepDesc>Generated M088Assess table for FY25 assessor data. Updated spatial data to correspond to FY25 assessment data</stepDesc><stepDateTm>2025-04-29T00:00:00</stepDateTm><stepProc><editorSource>external</editorSource><editorDigest>190738c845dc3b56d9782d87e1642689a4fd0b2d</editorDigest><rpIndName>Leon Scott</rpIndName><rpOrgName>Town of Easton</rpOrgName><rpPosName>GIS Manager</rpPosName><rpCntInfo><cntAddress addressType="both"><delPoint>130 Center Street</delPoint><city>Easton</city><adminArea>MA</adminArea><postCode>02356</postCode></cntAddress><cntPhone><voiceNum tddtty="">508-230-0800</voiceNum></cntPhone></rpCntInfo><displayName>Leon Scott</displayName><editorSave>True</editorSave><displayName>Leon Scott</displayName><role><RoleCd value="009"/></role></stepProc></prcStep></dataLineage></dqInfo><spatRepInfo><Indref>Parcel ID, LOC_ID</Indref><VectSpatRep><geometObjs Name="M088TaxPar_CY25_FY25"><geoObjTyp><GeoObjTypCd value="002" Sync="TRUE"></GeoObjTypCd></geoObjTyp><geoObjCnt Sync="TRUE">0</geoObjCnt></geometObjs><topLvl><TopoLevCd value="001" Sync="TRUE"></TopoLevCd></topLvl></VectSpatRep></spatRepInfo><refSysInfo><RefSystem><refSysID><identCode code="26986" Sync="TRUE"/><idCodeSpace Sync="TRUE">EPSG</idCodeSpace><idVersion Sync="TRUE">2.1(3.0.1)</idVersion></refSysID></RefSystem></refSysInfo><eainfo><detailed Name="M088TaxPar_CY25_FY25"><enttyp><enttypl Sync="TRUE">M088TaxPar_CY25_FY25</enttypl><enttypt Sync="TRUE">Feature Class</enttypt><enttypc Sync="TRUE">0</enttypc></enttyp><attr><attrlabl Sync="TRUE">FID</attrlabl><attalias Sync="TRUE">FID</attalias><attrtype Sync="TRUE">OID</attrtype><attwidth Sync="TRUE">4</attwidth><atprecis Sync="TRUE">0</atprecis><attscale Sync="TRUE">0</attscale><attrdef Sync="TRUE">Internal feature number.</attrdef><attrdefs Sync="TRUE">Esri</attrdefs><attrdomv><udom Sync="TRUE">Sequential unique whole numbers that are automatically generated.</udom></attrdomv></attr><attr><attrlabl>PLAN_ID</attrlabl><attrdef>Identifying information for plan used to update digital file.</attrdef><attrdefs>MassGIS Standard for Digital Parcel Files - v2.0</attrdefs><attalias Sync="TRUE">PLAN_ID</attalias><attrtype Sync="TRUE">String</attrtype><attwidth Sync="TRUE">40</attwidth><atprecis Sync="TRUE">0</atprecis><attscale Sync="TRUE">0</attscale><attrdomv><udom>Text representing documents.</udom></attrdomv></attr><attr><attrlabl Sync="TRUE">SHAPE_Leng</attrlabl><attalias Sync="TRUE">SHAPE_Leng</attalias><attrtype Sync="TRUE">Double</attrtype><attwidth Sync="TRUE">19</attwidth><atprecis Sync="TRUE">0</atprecis><attscale Sync="TRUE">0</attscale></attr><attr><attrlabl>SOURCE</attrlabl><attrdef>Boundary feature source</attrdef><attrdefs>MassGIS Standard for Digital Parcel Files - v2.0</attrdefs><attrdomv><edom><edomv>ASSESS</edomv><edomvd>Assessor Map</edomvd><edomvds>Massachusetts Office of Geographic Information (MassGIS)</edomvds></edom><edom><edomv>ANR</edomv><edomvd>Subdivision approval not required</edomvd><edomvds>Massachusetts Office of Geographic Information (MassGIS)</edomvds></edom><edom><edomv>OTHER</edomv><edomvd>Other source</edomvd><edomvds>Massachusetts Office of Geographic Information (MassGIS)</edomvds></edom><edom><edomv>ROAD LAYOUT</edomv><edomvd>Road layout</edomvd><edomvds>Massachusetts Office of Geographic Information (MassGIS)</edomvds></edom><edom><edomv>SUBDIV</edomv><edomvd>Subdivision Plan</edomvd><edomvds>Massachusetts Office of Geographic Information (MassGIS)</edomvds></edom></attrdomv><attalias Sync="TRUE">SOURCE</attalias><attrtype Sync="TRUE">String</attrtype><attwidth Sync="TRUE">15</attwidth><atprecis Sync="TRUE">0</atprecis><attscale Sync="TRUE">0</attscale></attr><attr><attrlabl>MAP_PAR_ID</attrlabl><attrdef>Parcel ID that appears on the assessor map.</attrdef><attrdefs>MassGIS Standard for Digital Parcel Files - v2.0</attrdefs><attalias Sync="TRUE">MAP_PAR_ID</attalias><attrtype Sync="TRUE">String</attrtype><attwidth Sync="TRUE">26</attwidth><atprecis Sync="TRUE">0</atprecis><attscale Sync="TRUE">0</attscale><attrdomv><udom>Text representing specific lot number.</udom></attrdomv></attr><attr><attrlabl>MAP_NO</attrlabl><attrdef>Map number of assessor's map sheet which feature appears on.</attrdef><attrdefs>MassGIS Standard for Digital Parcel Files - v2.0</attrdefs><attalias Sync="TRUE">MAP_NO</attalias><attrtype Sync="TRUE">String</attrtype><attwidth Sync="TRUE">4</attwidth><atprecis Sync="TRUE">0</atprecis><attscale Sync="TRUE">0</attscale></attr><attr><attrlabl>LOC_ID</attrlabl><attrdef>Concatenation of X and Y coordinates of a point inside the polygon.</attrdef><attrdefs>MassGIS Standard for Digital Parcel Files - v2.0</attrdefs><attalias Sync="TRUE">LOC_ID</attalias><attrtype Sync="TRUE">String</attrtype><attwidth Sync="TRUE">18</attwidth><atprecis Sync="TRUE">0</atprecis><attscale Sync="TRUE">0</attscale></attr><attr><attrlabl>SHAPE_Area</attrlabl><attrdef>Area of feature in internal units squared.</attrdef><attrdefs>ESRI</attrdefs><attrdomv><udom>Positive real numbers that are automatically generated.</udom></attrdomv><attalias Sync="TRUE">SHAPE_Area</attalias><attrtype Sync="TRUE">Double</attrtype><attwidth Sync="TRUE">19</attwidth><atprecis Sync="TRUE">0</atprecis><attscale Sync="TRUE">0</attscale></attr><attr><attrlabl>TOWN_ID</attrlabl><attalias Sync="TRUE">TOWN_ID</attalias><attrtype Sync="TRUE">Integer</attrtype><attwidth Sync="TRUE">5</attwidth><atprecis Sync="TRUE">5</atprecis><attscale Sync="TRUE">0</attscale><attrdef>Town ID</attrdef><attrdefs>MassGIS Standard for Digital Parcel Files - v2.0</attrdefs></attr><attr><attrlabl>POLY_TYPE</attrlabl><attrdef>Identifies the kind of polygon in the tax parcel layer.</attrdef><attrdefs>MassGIS Standard for Digital Parcel Files - v2.0</attrdefs><attrdomv><edom><edomv>WATER</edomv><edomvd>Water feature with boundary coincident with a parcel</edomvd><edomvds>Massachusetts Office of Geographic Information (MassGIS)</edomvds></edom><edom><edomv>TAX</edomv><edomvd>Dissolved "FEE" parcels with common ownership (tax record)</edomvd><edomvds>Massachusetts Office of Geographic Information (MassGIS)</edomvds></edom><edom><edomv>FEE</edomv><edomvd>Standard fee-ownership property.</edomvd><edomvds>Massachusetts Office of Geographic Information (MassGIS)</edomvds></edom><edom><edomv>ROW</edomv><edomvd>Right-of-way that does not overlap tax parcel polygons.</edomvd><edomvds>Massachusetts Office of Geographic Information (MassGIS)</edomvds></edom><edom><edomv>RAIL ROW</edomv><edomvd>Railroad Right-of-way with an associated link to assessor table</edomvd><edomvds>Massachusetts Office of Geographic Information (MassGIS)</edomvds></edom><edom><edomv>PRIV ROW</edomv><edomvd>Private ROW that does not overlap onto other taxable parcels and is not an easement.</edomvd><edomvds>Massachusetts Office of Geographic Information (MassGIS)</edomvds></edom></attrdomv><attalias Sync="TRUE">POLY_TYPE</attalias><attrtype Sync="TRUE">String</attrtype><attwidth Sync="TRUE">15</attwidth><atprecis Sync="TRUE">0</atprecis><attscale Sync="TRUE">0</attscale></attr><attr><attrlabl>BND_CHK</attrlabl><attrdef>Identifies parcel boundaries with a discrepancy when compared to orthoimage base map.</attrdef><attrdefs>MassGIS Standard for Digital Parcel Files - v2.0</attrdefs><attrdomv><edom><edomv>CC</edomv><edomvd>Discrepancy checked by compiler and is correct.</edomvd><edomvds>Massachusetts Office of Geographic Information (MassGIS)</edomvds></edom><edom><edomv>NR</edomv><edomvd>Discrepancy needs review.</edomvd><edomvds>Massachusetts Office of Geographic Information (MassGIS)</edomvds></edom><edom><edomv>OK</edomv><edomvd>Compilation discrepancy is acceptable. (only entered by MassGIS)</edomvd><edomvds>Massachusetts Office of Geographic Information (MassGIS)</edomvds></edom></attrdomv><attalias Sync="TRUE">BND_CHK</attalias><attrtype Sync="TRUE">String</attrtype><attwidth Sync="TRUE">2</attwidth><atprecis Sync="TRUE">0</atprecis><attscale Sync="TRUE">0</attscale></attr><attr><attrlabl>NO_MATCH</attrlabl><attrdef>Identifies parcels to be excluded from level 3 match rate calculation requirements</attrdef><attrdefs>MassGIS Standard for Digital Parcel Files - v2.0</attrdefs><attrdomv><edom><edomv>N</edomv><edomvd>Polygon not excluded from matching to assessor record</edomvd><edomvds>Massachusetts Office of Geographic Information (MassGIS)</edomvds></edom><edom><edomv>Y</edomv><edomvd>Polygon excluded from match to assessor database</edomvd><edomvds>Massachusetts Office of Geographic Information (MassGIS)</edomvds></edom></attrdomv><attalias Sync="TRUE">NO_MATCH</attalias><attrtype Sync="TRUE">String</attrtype><attwidth Sync="TRUE">1</attwidth><atprecis Sync="TRUE">0</atprecis><attscale Sync="TRUE">0</attscale></attr><attr><attrlabl>LAST_EDIT</attrlabl><attrdef>Date this parcel polygon was last edited.</attrdef><attrdefs>MassGIS Standard for Digital Parcel Files - v2.0</attrdefs><attalias Sync="TRUE">LAST_EDIT</attalias><attrtype Sync="TRUE">Integer</attrtype><attwidth Sync="TRUE">10</attwidth><atprecis Sync="TRUE">10</atprecis><attscale Sync="TRUE">0</attscale></attr><attr><attrlabl>SHAPE</attrlabl><attrdef>Feature geometry.</attrdef><attrdefs>ESRI</attrdefs><attrdomv><udom>Coordinates defining the features.</udom></attrdomv><attalias Sync="TRUE">Shape</attalias><attrtype Sync="TRUE">Geometry</attrtype><attwidth Sync="TRUE">0</attwidth><atprecis Sync="TRUE">0</atprecis><attscale Sync="TRUE">0</attscale></attr></detailed><overview><eaover>For a full description of the features and attributes contained in this data, please refer to the MassGIS Standard for Digital Parcel Files - v2.0. http://www.mass.gov/mgis/standards.htm#Parstandard</eaover></overview></eainfo><spdoinfo><ptvctinf><esriterm Name="M088TaxPar_CY25_FY25"><efeatyp Sync="TRUE">Simple</efeatyp><efeageom code="4" Sync="TRUE"></efeageom><esritopo Sync="TRUE">FALSE</esritopo><efeacnt Sync="TRUE">0</efeacnt><spindex Sync="TRUE">FALSE</spindex><linrefer Sync="TRUE">FALSE</linrefer></esriterm></ptvctinf></spdoinfo><mdContact><editorSource>external</editorSource><editorDigest>190738c845dc3b56d9782d87e1642689a4fd0b2d</editorDigest><rpIndName>Leon Scott</rpIndName><rpOrgName>Town of Easton</rpOrgName><rpPosName>GIS Manager</rpPosName><rpCntInfo><cntAddress addressType="both"><delPoint>130 Center Street</delPoint><city>Easton</city><adminArea>MA</adminArea><postCode>02356</postCode></cntAddress><cntPhone><voiceNum tddtty="">508-230-0800</voiceNum></cntPhone></rpCntInfo><displayName>Leon Scott</displayName><editorSave>True</editorSave><displayName>Leon Scott</displayName><role><RoleCd value="006"/></role></mdContact></metadata>
