<metadata xml:lang="en"><Esri><CreaDate>20240501</CreaDate><CreaTime>16431400</CreaTime><ArcGISFormat>1.0</ArcGISFormat><ArcGISstyle>FGDC CSDGM Metadata</ArcGISstyle><SyncOnce>FALSE</SyncOnce><DataProperties><itemProps><itemName Sync="TRUE">TOWNS_POLY_INCGW</itemName><imsContentType Sync="TRUE" export="False">002</imsContentType><itemLocation><linkage Sync="TRUE">file://\\TSSARCGIS-WAP11\E$\MassGIS\Data_Distribution_Files\statewide_viewer_SHP\gisdata\men1\Political_Boundaries\TOWNS_POLY_INCGW.dbf</linkage><protocol Sync="TRUE">Local Area Network</protocol></itemLocation><itemSize Sync="TRUE">0.000</itemSize></itemProps><lineage><Process ToolSource="c:\program files (x86)\arcgis\desktop10.8\ArcToolbox\Toolboxes\Conversion Tools.tbx\TableToTable" Date="20240501" Time="171831">TableToTable "Database Connections\AWS_VTP_PROD_GISDATA.sde\GISDATA.TOWNS_POLY_INCGW" E:\MassGIS\Data_Distribution_Files\statewide_viewer_SHP\gisdata\men1\Political_Boundaries TOWNS_POLY_INCGW.dbf # "GATEWAY "Gateway City" true true false 1 Text 0 0 ,First,#,Database Connections\AWS_VTP_PROD_GISDATA.sde\GISDATA.TOWNS_POLY_INCGW,GATEWAY,-1,-1;TOWN "City/Town" true true false 25 Text 0 0 ,First,#,Database Connections\AWS_VTP_PROD_GISDATA.sde\GISDATA.TOWNS_POLY_INCGW,TOWN,-1,-1;COUNTY "County" true true false 20 Text 0 0 ,First,#,Database Connections\AWS_VTP_PROD_GISDATA.sde\GISDATA.TOWNS_POLY_INCGW,COUNTY,-1,-1;SETTLED "Year Settled" true true false 2 Short 0 4 ,First,#,Database Connections\AWS_VTP_PROD_GISDATA.sde\GISDATA.TOWNS_POLY_INCGW,SETTLED,-1,-1;INC_TOWN "Year Incorporated as a Town" true true false 2 Short 0 4 ,First,#,Database Connections\AWS_VTP_PROD_GISDATA.sde\GISDATA.TOWNS_POLY_INCGW,INC_TOWN,-1,-1;INC_CITY "Year Incorporated as a City" true true false 2 Short 0 4 ,First,#,Database Connections\AWS_VTP_PROD_GISDATA.sde\GISDATA.TOWNS_POLY_INCGW,INC_CITY,-1,-1;TOWN_ID "City/Town ID" true true false 2 Short 0 3 ,First,#,Database Connections\AWS_VTP_PROD_GISDATA.sde\GISDATA.TOWNS_POLY_INCGW,TOWN_ID,-1,-1" #</Process></lineage></DataProperties><SyncDate>20240501</SyncDate><SyncTime>17183100</SyncTime><ModDate>20240501</ModDate><ModTime>17183100</ModTime><scaleRange><minScale>150000000</minScale><maxScale>5000</maxScale></scaleRange><ArcGISProfile>FGDC</ArcGISProfile></Esri><dataIdInfo><envirDesc Sync="TRUE"> Version 6.2 (Build 9200) ; Esri ArcGIS 10.9.1.28388</envirDesc><dataLang><languageCode value="eng" Sync="TRUE"/><countryCode value="USA" Sync="TRUE"/></dataLang><idCitation xmlns=""><resTitle Sync="FALSE">Table - Massachusetts Municipal Incorporation and Settlement Dates and Gateway City Status</resTitle><presForm xmlns=""><PresFormCd value="011" Sync="TRUE"/></presForm><date><pubDate>2014-08-27T00:00:00</pubDate></date><citRespParty xmlns=""><editorSource>external</editorSource><editorDigest>2470ef8b4343ca8d9053dfd75cc3adf7</editorDigest><rpIndName>Michael Trust</rpIndName><rpOrgName>MassGIS</rpOrgName><rpCntInfo xmlns=""><cntAddress addressType="both"><delPoint>One Ashburton Place, Room 1601</delPoint><city>Boston</city><adminArea>MA</adminArea><postCode>02108</postCode><eMailAdd>michael.trust@state.ma.us</eMailAdd><country>US</country></cntAddress><cntPhone><voiceNum tddtty="">617-619-5615</voiceNum></cntPhone></rpCntInfo><editorSave>True</editorSave><displayName>Michael Trust</displayName><role><RoleCd value="006"/></role></citRespParty></idCitation><spatRpType><SpatRepTypCd value="003" Sync="TRUE"></SpatRepTypCd></spatRpType><idPurp>Stores the dates when the cities and towns of Commonwealth of Massachusetts were settled, incorporated as a town and, if applicable, when incorporated as a city, as well as the county in which there are located. Also stores which cities are classified as being a Gateway City.</idPurp><idAbs>&lt;DIV STYLE="text-align:Left;"&gt;&lt;DIV&gt;&lt;DIV&gt;&lt;P&gt;&lt;SPAN&gt;This table stores the dates when the cities and towns of Commonwealth of Massachusetts were settled, incorporated as a town and, if applicable, when incorporated as a city, as well as the county in which there are located. The Commonwealth of Massachusetts was settled in 1620 and incorporated in 1629. The term settled refers to the arrival of the Europeans. Paleo-Indians in Massachusetts date back to 8000 BC. In some instances a town may have been established at an earlier date than its present name would suggest. Example: Wayland was first part of Sudbury (1639) before splitting from and becoming East Sudbury (1780), later to change its name to Wayland (1835). In these cases listed is the first date of incorporation when the area in question stands alone: 1780. Data from &lt;/SPAN&gt;&lt;A href="http://www.sec.state.ma.us/cis/cisctlist/ctlistalph.htm"&gt;&lt;SPAN&gt;http://www.sec.state.ma.us/cis/cisctlist/ctlistalph.htm&lt;/SPAN&gt;&lt;/A&gt;&lt;SPAN&gt;.&lt;/SPAN&gt;&lt;/P&gt;&lt;P&gt;&lt;SPAN&gt;Also stores which cities are classified as being a Gateway City. Source: &lt;/SPAN&gt;&lt;A href="https://www.mass.gov/doc/gatewaycitiesdocx/download"&gt;&lt;SPAN&gt;https://www.mass.gov/doc/gatewaycitiesdocx/download&lt;/SPAN&gt;&lt;/A&gt;&lt;/P&gt;&lt;/DIV&gt;&lt;/DIV&gt;&lt;/DIV&gt;</idAbs><idCredit>Secretary of the Commonwealth of Massachusetts</idCredit><searchKeys><keyword>towns</keyword><keyword>cities</keyword><keyword>city</keyword><keyword>community</keyword><keyword>municipality</keyword><keyword>settlement</keyword><keyword>incorporation</keyword><keyword>gateway</keyword></searchKeys><dataChar><CharSetCd value="004"/></dataChar><idStatus><ProgCd value="001"/></idStatus><idPoC xmlns=""><editorSource>external</editorSource><editorDigest>2470ef8b4343ca8d9053dfd75cc3adf7</editorDigest><rpIndName>Michael Trust</rpIndName><rpOrgName>MassGIS</rpOrgName><rpCntInfo xmlns=""><cntAddress addressType="both"><delPoint>One Ashburton Place, Room 1601</delPoint><city>Boston</city><adminArea>MA</adminArea><postCode>02108</postCode><eMailAdd>michael.trust@state.ma.us</eMailAdd><country>US</country></cntAddress><cntPhone><voiceNum tddtty="">617-619-5615</voiceNum></cntPhone></rpCntInfo><editorSave>True</editorSave><displayName>Michael Trust</displayName><role><RoleCd value="007"/></role></idPoC><resMaint xmlns=""><maintFreq><MaintFreqCd value="011"/></maintFreq></resMaint><tpCat><TopicCatCd value="003"/></tpCat><tpCat><TopicCatCd value="016"/></tpCat></dataIdInfo><mdLang><languageCode value="eng" Sync="TRUE"/><countryCode value="USA" Sync="TRUE"/></mdLang><mdChar><CharSetCd value="004" Sync="TRUE"/></mdChar><distInfo xmlns=""><distFormat xmlns=""><formatName Sync="TRUE">dBASE Table</formatName><formatVer>ArcGIS 10</formatVer></distFormat><distributor xmlns=""><distorCont xmlns=""><editorSource>external</editorSource><editorDigest>2470ef8b4343ca8d9053dfd75cc3adf7</editorDigest><rpIndName>Michael Trust</rpIndName><rpOrgName>MassGIS</rpOrgName><rpCntInfo xmlns=""><cntAddress addressType="both"><delPoint>One Ashburton Place, Room 1601</delPoint><city>Boston</city><adminArea>MA</adminArea><postCode>02108</postCode><eMailAdd>michael.trust@state.ma.us</eMailAdd><country>US</country></cntAddress><cntPhone><voiceNum tddtty="">617-619-5615</voiceNum></cntPhone></rpCntInfo><editorSave>True</editorSave><displayName>Michael Trust</displayName><role><RoleCd value="005"/></role></distorCont><distorFormat xmlns=""><formatName>DBF file</formatName></distorFormat><distorOrdPrc xmlns=""><ordInstr>Download from http://www.mass.gov/itd/towns</ordInstr></distorOrdPrc></distributor><distTranOps><transSize Sync="TRUE">0.000</transSize></distTranOps></distInfo><mdHrLv><ScopeCd value="007" Sync="TRUE"/></mdHrLv><mdHrLvName Sync="TRUE">dataset</mdHrLvName><eainfo><detailed Name="TOWNS_POLY_INCGW" xmlns=""><enttyp><enttypl Sync="TRUE">TOWNS_POLY_INCGW</enttypl><enttypt Sync="TRUE">Table</enttypt><enttypc Sync="TRUE">0</enttypc></enttyp><attr><attrlabl Sync="TRUE">OID</attrlabl><attalias Sync="TRUE">OID</attalias><attrtype Sync="TRUE">OID</attrtype><attwidth Sync="TRUE">4</attwidth><atprecis Sync="TRUE">0</atprecis><attscale Sync="TRUE">0</attscale><attrdef Sync="TRUE">Internal feature number.</attrdef><attrdefs Sync="TRUE">Esri</attrdefs><attrdomv><udom Sync="TRUE">Sequential unique whole numbers that are automatically generated.</udom></attrdomv></attr><attr xmlns=""><attrlabl Sync="TRUE">GATEWAY</attrlabl><attalias Sync="TRUE">GATEWAY</attalias><attrtype Sync="TRUE">String</attrtype><attwidth Sync="TRUE">1</attwidth><atprecis Sync="TRUE">0</atprecis><attscale Sync="TRUE">0</attscale><attrdef>Indicates whether a city is considered a Gateway City</attrdef><attrdefs>http://www.mass.gov/hed/community/planning/gateway-cities-and-program-information.html</attrdefs></attr><attr xmlns=""><attrlabl Sync="TRUE">TOWN</attrlabl><attalias Sync="TRUE">TOWN</attalias><attrtype Sync="TRUE">String</attrtype><attwidth Sync="TRUE">25</attwidth><atprecis Sync="TRUE">0</atprecis><attscale Sync="TRUE">0</attscale><attrdef>City or town name</attrdef><attrdefs>http://www.sec.state.ma.us/cis/cisctlist/ctlistalph.htm</attrdefs></attr><attr xmlns=""><attrlabl Sync="TRUE">COUNTY</attrlabl><attalias Sync="TRUE">COUNTY</attalias><attrtype Sync="TRUE">String</attrtype><attwidth Sync="TRUE">20</attwidth><atprecis Sync="TRUE">0</atprecis><attscale Sync="TRUE">0</attscale><attrdef>County name</attrdef><attrdefs>http://www.sec.state.ma.us/cis/cisctlist/ctlistalph.htm</attrdefs></attr><attr xmlns=""><attrlabl Sync="TRUE">SETTLED</attrlabl><attalias Sync="TRUE">SETTLED</attalias><attrtype Sync="TRUE">SmallInteger</attrtype><attwidth Sync="TRUE">4</attwidth><atprecis Sync="TRUE">4</atprecis><attscale Sync="TRUE">0</attscale><attrdef>When the municipality was settled (the arrival of Europeans)</attrdef><attrdefs>http://www.sec.state.ma.us/cis/cisctlist/ctlistalph.htm</attrdefs></attr><attr xmlns=""><attrlabl Sync="TRUE">INC_TOWN</attrlabl><attalias Sync="TRUE">INC_TOWN</attalias><attrtype Sync="TRUE">SmallInteger</attrtype><attwidth Sync="TRUE">4</attwidth><atprecis Sync="TRUE">4</atprecis><attscale Sync="TRUE">0</attscale><attrdef>When the municipality was incorporated as a town.</attrdef><attrdefs>http://www.sec.state.ma.us/cis/cisctlist/ctlistalph.htm</attrdefs></attr><attr xmlns=""><attrlabl Sync="TRUE">INC_CITY</attrlabl><attalias Sync="TRUE">INC_CITY</attalias><attrtype Sync="TRUE">SmallInteger</attrtype><attwidth Sync="TRUE">4</attwidth><atprecis Sync="TRUE">4</atprecis><attscale Sync="TRUE">0</attscale><attrdef>When the municipality was incorporated as a city.</attrdef><attrdefs>http://www.sec.state.ma.us/cis/cisctlist/ctlistalph.htm</attrdefs></attr><attr xmlns=""><attrlabl Sync="TRUE">TOWN_ID</attrlabl><attalias Sync="TRUE">TOWN_ID</attalias><attrtype Sync="TRUE">SmallInteger</attrtype><attwidth Sync="TRUE">3</attwidth><atprecis Sync="TRUE">3</atprecis><attscale Sync="TRUE">0</attscale><attrdef>Unique town identifier</attrdef><attrdefs>MassGIS</attrdefs></attr></detailed></eainfo><mdDateSt Sync="TRUE">20240501</mdDateSt><mdContact xmlns=""><editorSource>external</editorSource><editorDigest>2470ef8b4343ca8d9053dfd75cc3adf7</editorDigest><rpIndName>Michael Trust</rpIndName><rpOrgName>MassGIS</rpOrgName><rpCntInfo xmlns=""><cntAddress addressType="both"><delPoint>One Ashburton Place, Room 1601</delPoint><city>Boston</city><adminArea>MA</adminArea><postCode>02108</postCode><eMailAdd>michael.trust@state.ma.us</eMailAdd><country>US</country></cntAddress><cntPhone><voiceNum tddtty="">617-619-5615</voiceNum></cntPhone></rpCntInfo><editorSave>True</editorSave><displayName>Michael Trust</displayName><role><RoleCd value="007"/></role></mdContact><mdMaint xmlns=""><maintFreq><MaintFreqCd value="011"/></maintFreq></mdMaint></metadata>
